elementId	reviewGroup	decisionStatus	targetCategory	roles	disposition	rationale	replacement	migrationGuideAnchor	ownerPhase	notes
constructor:org.hibernate.dialect.Dialect#<init>(org.hibernate.dialect.DatabaseVersion)	CONSTRUCTION	APPROVED	SPI	IMPLEMENT	RETAIN	Provider Dialect subclasses require a supported constructor accepting an explicitly chosen database version.			Phase 2	Constructor support is explicit and independent of type-level roles.
constructor:org.hibernate.dialect.Dialect#<init>(org.hibernate.engine.jdbc.dialect.spi.DialectResolutionInfo)	CONSTRUCTION	APPROVED	SPI	IMPLEMENT	RETAIN	Provider Dialect subclasses require a supported constructor accepting database metadata discovered during Dialect resolution.			Phase 2	Constructor support is explicit and independent of type-level roles.
method:org.hibernate.dialect.Dialect#castPattern(org.hibernate.query.sqm.CastType,org.hibernate.query.sqm.CastType)	TRANSLATION	APPROVED	SPI	USE,IMPLEMENT	RETAIN	Provider Dialects override this focused database rendering hook and may delegate unhandled cast combinations to the inherited implementation.			Phase 2	The focused rendering hook remains on Dialect; it does not select a full SQM translator.
method:org.hibernate.dialect.Dialect#getFallbackSqmInsertStrategy(org.hibernate.metamodel.mapping.EntityMappingType,org.hibernate.metamodel.spi.RuntimeModelCreationContext)	TRANSLATION	APPROVED	SPI	IMPLEMENT,SUPPLY	RETAIN	Provider Dialects override this hook to supply the multi-table insert strategy required by their database capabilities.			Phase 5	Its reachable signature must contain only supported API or SPI.
method:org.hibernate.dialect.Dialect#getFallbackSqmMutationStrategy(org.hibernate.metamodel.mapping.EntityMappingType,org.hibernate.metamodel.spi.RuntimeModelCreationContext)	TRANSLATION	APPROVED	SPI	IMPLEMENT,SUPPLY	RETAIN	Provider Dialects override this hook to supply the multi-table mutation strategy required by their database capabilities.			Phase 5	Its reachable signature must contain only supported API or SPI.
method:org.hibernate.dialect.Dialect#getHqlTranslator()	TRANSLATION	APPROVED	INTERNAL		REMOVE	HQL parsing and translator selection are global query-engine integration concerns rather than database Dialect behavior.	QueryEngineOptions global HQL translator integration		Phase 7	Direct removal without deprecation was approved; a versioned Migration Guide entry is mandatory.
method:org.hibernate.dialect.Dialect#getSetOperatorSqlString(org.hibernate.query.sqm.SetOperator)	TRANSLATION	APPROVED	SPI	USE,IMPLEMENT	RETAIN	Provider Dialects override this focused hook for database-specific set-operator rendering and may delegate standard operators to the inherited implementation.			Phase 2	This is focused database rendering rather than full SQM translator selection.
method:org.hibernate.dialect.Dialect#getSqlAstTranslatorFactory()	TRANSLATION	APPROVED	SPI	IMPLEMENT,SUPPLY	RETAIN	Provider Dialects supply the SQL AST translator factory used to construct their database-specific translators.			Phase 4	The factory and its complete request and result boundaries require focused review before classification is applied.
method:org.hibernate.dialect.Dialect#getSqmTranslatorFactory()	TRANSLATION	APPROVED	INTERNAL		REMOVE	Database-local syntax variation should use focused capabilities; general SQM translator selection belongs to query-engine integration rather than Dialect.	Focused Dialect capabilities or QueryEngineOptions global SQM translator integration		Phase 7	Direct removal without deprecation was approved; a versioned Migration Guide entry is mandatory.
method:org.hibernate.dialect.Dialect#trimPattern(org.hibernate.query.sqm.TrimSpec,boolean)	TRANSLATION	APPROVED	SPI	USE,IMPLEMENT	RETAIN	Provider Dialects override this focused database rendering hook and may delegate supported trim forms to the inherited implementation.			Phase 2	The focused rendering hook remains on Dialect; it does not select a full SQM translator.
field:org.hibernate.dialect.Dialect#LEGACY_LOB_MERGE_STRATEGY	SUPPLIED_STRATEGY	APPROVED	SPI	USE	RETAIN	Provider Dialect subclasses may select Hibernate's documented legacy LOB merge policy without reimplementing it.			Phase 2	Protected policy constant intentionally available to Dialect implementors; no in-repository field access was observed.
field:org.hibernate.dialect.Dialect#NEW_LOCATOR_LOB_MERGE_STRATEGY	SUPPLIED_STRATEGY	APPROVED	SPI	USE	RETAIN	Provider Dialect subclasses may select Hibernate's documented new-locator LOB merge policy without reimplementing it.			Phase 2	Protected policy constant intentionally available to Dialect implementors; the inherited getter uses it by default.
field:org.hibernate.dialect.Dialect#STANDARD_MULTI_KEY_LOAD_SIZING_STRATEGY	SUPPLIED_STRATEGY	APPROVED	SPI	USE	RETAIN	Provider Dialect subclasses may reuse Hibernate's standard parameter-limit-aware multi-key sizing policy without reimplementing it.			Phase 2	Protected policy constant intentionally available to Dialect implementors; the inherited multi-key sizing getter uses it by default.
field:org.hibernate.dialect.Dialect#STREAM_XFER_LOB_MERGE_STRATEGY	SUPPLIED_STRATEGY	APPROVED	SPI	USE	RETAIN	Provider Dialect subclasses may select Hibernate's documented stream-transfer LOB merge policy without reimplementing it.			Phase 2	Protected policy constant intentionally available to Dialect implementors; no in-repository field access was observed.
method:org.hibernate.dialect.Dialect#getBatchLoadSizingStrategy()	SUPPLIED_STRATEGY	APPROVED	SPI	IMPLEMENT,SUPPLY	RETAIN	Provider Dialects may supply the key-sizing policy Hibernate uses for batch-fetch loading.			Phase 2	No in-repository override was observed, but the method is a documented focused strategy hook and delegates to multi-key sizing by default.
method:org.hibernate.dialect.Dialect#getLobMergeStrategy()	SUPPLIED_STRATEGY	APPROVED	SPI	IMPLEMENT,SUPPLY	RETAIN	Provider Dialects may supply the LOB merge policy consumed by Hibernate's JDBC LOB handling.			Phase 2	The default returns NEW_LOCATOR_LOB_MERGE_STRATEGY; Hibernate has three direct consumers.
method:org.hibernate.dialect.Dialect#getMultiKeyLoadSizingStrategy()	SUPPLIED_STRATEGY	APPROVED	SPI	IMPLEMENT,SUPPLY	RETAIN	Provider Dialects may supply the key-sizing policy Hibernate uses for multi-id and multi-natural-id loading.			Phase 2	No in-repository override was observed, but the method is a documented focused strategy hook and Hibernate has direct consumers.
method:org.hibernate.dialect.Dialect#getSizeStrategy()	SUPPLIED_STRATEGY	APPROVED	SPI	IMPLEMENT,SUPPLY	RETAIN	Provider Dialects supply database-specific column size resolution used throughout Hibernate's type and schema machinery.			Phase 2	Eight in-repository overrides and ten direct consumers were observed; change the retained method's result to the supported top-level SizeStrategy introduced by the Phase 5 type-family remediation.
method:org.hibernate.dialect.Dialect#buildLockingClauseStrategy(org.hibernate.sql.ast.internal.PessimisticLockKind,org.hibernate.dialect.RowLockStrategy,org.hibernate.LockOptions,java.util.Set)	SUPPLIED_STRATEGY	APPROVED	SPI	USE,IMPLEMENT,SUPPLY	RETAIN	Provider Dialects override this focused builder to supply a database-specific locking-clause strategy and may delegate to the inherited standard implementation.			Phase 5	Three overrides and provider super-delegation were observed; PessimisticLockKind must move to a supported boundary before this SPI commitment is applied.
method:org.hibernate.dialect.Dialect#getLockingClauseStrategy(org.hibernate.sql.ast.tree.select.QuerySpec,org.hibernate.LockOptions)	SUPPLIED_STRATEGY	APPROVED	SPI	USE,IMPLEMENT,SUPPLY	RETAIN	Provider Dialects select or construct the locking-clause strategy Hibernate uses for a specific SQL AST query and may delegate supported cases to the inherited implementation.			Phase 5	Eight overrides were observed; QuerySpec and the complete LockingClauseStrategy boundary must be supported as part of the SQL AST migration.
method:org.hibernate.dialect.Dialect#getLockingSupport()	SUPPLIED_STRATEGY	APPROVED	SPI	IMPLEMENT,SUPPLY	RETAIN	Provider Dialects supply the composed metadata and operations describing their pessimistic-locking support.			Phase 5	Forty-five overrides were observed; LockingSupport and provider-facing composition or construction facilities must avoid reliance on org.hibernate.dialect.lock.internal.
method:org.hibernate.dialect.Dialect#getReadRowLockStrategy()	SUPPLIED_STRATEGY	APPROVED	INTERNAL		REMOVE	The deprecated Dialect-level getter duplicates the read-row strategy now supplied through LockingSupport.Metadata.	getLockingSupport().getMetadata().getReadRowLockStrategy()		Phase 5	Migrate internal and provider overrides before direct removal and add a versioned Migration Guide entry.
method:org.hibernate.dialect.Dialect#getWriteRowLockStrategy()	SUPPLIED_STRATEGY	APPROVED	INTERNAL		REMOVE	The deprecated Dialect-level getter duplicates the write-row strategy now supplied through LockingSupport.Metadata.	getLockingSupport().getMetadata().getWriteRowLockStrategy()		Phase 5	Migrate the remaining community override and internal consumers before direct removal and add a versioned Migration Guide entry.
method:org.hibernate.dialect.Dialect#getGlobalTemporaryTableStrategy()	SUPPLIED_STRATEGY	APPROVED	SPI	IMPLEMENT,SUPPLY	RETAIN	Provider Dialects supply the global temporary-table behavior Hibernate uses when that independently supported kind is selected.			Phase 5	A null result means unsupported; fourteen overrides were observed and the strategy boundary must contain only supported types.
method:org.hibernate.dialect.Dialect#getLocalTemporaryTableStrategy()	SUPPLIED_STRATEGY	APPROVED	SPI	IMPLEMENT,SUPPLY	RETAIN	Provider Dialects supply the local temporary-table behavior Hibernate uses when that independently supported kind is selected.			Phase 5	A null result means unsupported; twenty overrides were observed and the strategy boundary must contain only supported types.
method:org.hibernate.dialect.Dialect#getPersistentTemporaryTableStrategy()	SUPPLIED_STRATEGY	APPROVED	SPI	IMPLEMENT,SUPPLY	RETAIN	Provider Dialects may replace the inherited persistent-table fallback with database-specific naming, DDL, and lifecycle behavior.			Phase 5	The inherited result is non-null; retain composition as the default path instead of requiring a supported persistent subclass base.
method:org.hibernate.dialect.Dialect#getSupportedTemporaryTableKind()	SUPPLIED_STRATEGY	APPROVED	INTERNAL		REMOVE	A single supported-kind value cannot represent Dialects which independently support multiple temporary-table strategies.	getLocalTemporaryTableStrategy(), getGlobalTemporaryTableStrategy(), getPersistentTemporaryTableStrategy(), and TemporaryTableStrategy#getTemporaryTableKind()		Phase 5	Deprecated for removal since 7.1; migrate twenty-one overrides and remove LegacyTemporaryTableStrategy with the related legacy Dialect methods and a versioned Migration Guide entry.
method:org.hibernate.dialect.Dialect#getIdentityColumnSupport()	SUPPLIED_STRATEGY	APPROVED	SPI	USE,IMPLEMENT,SUPPLY	RETAIN	Provider Dialects supply their identity-column DDL and generated-value behavior and may delegate version-dependent cases to the inherited support.			Phase 5	Forty overrides and provider super-delegation were observed; move the feature contracts to identity.spi and replace the concrete GetGeneratedKeysDelegate signature with a supported generated-values boundary.
method:org.hibernate.dialect.Dialect#getNativeIdentifierGeneratorStrategy()	SUPPLIED_STRATEGY	APPROVED	INTERNAL		REMOVE	The deprecated string-based hook serves only deprecated legacy generator interpretation and duplicates the typed native value-generation strategy.	getNativeValueGenerationStrategy()		Phase 5	Deprecated for removal since 7.0; migrate the one community override and legacy internal callers and add a versioned Migration Guide entry.
method:org.hibernate.dialect.Dialect#getNativeValueGenerationStrategy()	SUPPLIED_STRATEGY	APPROVED	SPI	IMPLEMENT,SUPPLY	RETAIN	Provider Dialects supply the typed Jakarta generation strategy used when native identifier generation is requested.			Phase 5	Nine overrides were observed; the Jakarta GenerationType return keeps the boundary small and supported.
method:org.hibernate.dialect.Dialect#getDmlTargetColumnQualifierSupport()	SUPPLIED_STRATEGY	APPROVED	SPI	USE,IMPLEMENT,SUPPLY	RETAIN	Provider Dialects supply the database's DML-target qualification policy, and provider SQL AST translators consume that policy while rendering mutation statements.			Phase 4	Twenty-nine overrides and provider-side SQL AST translator calls were observed; DmlTargetColumnQualifierSupport is a focused value type which must be classified as USE SPI.
method:org.hibernate.dialect.Dialect#getGroupBySelectItemReferenceStrategy()	SUPPLIED_STRATEGY	APPROVED	SPI	USE,IMPLEMENT,SUPPLY	RETAIN	Provider Dialects supply how GROUP BY clauses reference select items, and provider SQL AST translators consume that policy while rendering queries.			Phase 4	Ten overrides and provider-side SQL AST translator calls were observed; SelectItemReferenceStrategy is a focused value type which must be classified as USE SPI.
method:org.hibernate.dialect.Dialect#getNameQualifierSupport()	SUPPLIED_STRATEGY	APPROVED	SPI	USE,IMPLEMENT,SUPPLY	RETAIN	Provider Dialects supply supported catalog and schema qualification, and may consume the inherited result while configuring provider-specific identifier helpers.			Phase 5	Eighteen overrides and provider-side use were observed; the return type is already in an .spi package.
method:org.hibernate.dialect.Dialect#getNationalizationSupport()	SUPPLIED_STRATEGY	APPROVED	SPI	USE,IMPLEMENT,SUPPLY	RETAIN	Provider Dialects supply nationalized-character handling and may delegate version- or driver-independent cases to the inherited policy.			Phase 5	Fifteen overrides and provider super-delegation were observed; NationalizationSupport is a focused value type which must be classified as USE SPI.
method:org.hibernate.dialect.Dialect#getNativeParameterMarkerStrategy()	SUPPLIED_STRATEGY	APPROVED	SPI	USE,IMPLEMENT,SUPPLY	RETAIN	Provider Dialects may supply a native JDBC parameter-marker renderer and may reuse the inherited standard-marker choice when selecting a driver-specific policy.			Phase 4	Two overrides and provider super-use were observed; null means use Hibernate's standard marker and ParameterMarkerStrategy already resides in org.hibernate.sql.ast.spi.
method:org.hibernate.dialect.Dialect#getTemporalTableSupport()	SUPPLIED_STRATEGY	APPROVED	SPI	IMPLEMENT,SUPPLY	RETAIN	Provider Dialects supply the database-specific temporal-table capability, DDL, and query-rendering policy consumed by Hibernate.			Phase 5	Seven overrides and sixteen consumers were observed; move the contract to temporal.spi and replace mutable boot/model signature types with supported request or context views before applying the SPI commitment.
method:org.hibernate.dialect.Dialect#getTimeZoneSupport()	SUPPLIED_STRATEGY	APPROVED	SPI	IMPLEMENT,SUPPLY	RETAIN	Provider Dialects supply the database's native time-zone type capability used by mapping and JDBC type selection.			Phase 5	Seventeen overrides and three direct consumers were observed; TimeZoneSupport is a focused value type which must be included in the supported signature boundary.
method:org.hibernate.dialect.Dialect#createOptionalTableUpdateOperation(org.hibernate.persister.entity.mutation.EntityMutationTarget,org.hibernate.sql.model.internal.OptionalTableUpdate,org.hibernate.engine.spi.SessionFactoryImplementor)	SUPPLIED_STRATEGY	APPROVED	SPI	USE,IMPLEMENT,SUPPLY	REPLACE	Provider Dialects customize optional-table mutation construction and may delegate cases requiring Hibernate's standard update-then-insert behavior to the inherited implementation.	A supported optional-table mutation creation boundary using the semantic model-mutation SPI and supported result-construction facilities		Phase 4	Twelve overrides and provider super-delegation were observed; remove the internal OptionalTableUpdate and transitional EntityMutationTarget types from the signature and present the exact replacement request or context and result-construction shape for focused review.
method:org.hibernate.dialect.Dialect#getAggregateSupport()	SUPPLIED_STRATEGY	APPROVED	SPI	IMPLEMENT,SUPPLY	RETAIN	Provider Dialects supply the aggregate-column DDL, mapping, and SQL-expression behavior consumed by Hibernate.			Phase 5	Twenty-three overrides were observed; move the coherent contract to aggregate.spi, audit its mapping and SQL AST signatures, and provide supported family factories, bases, composition, or an appropriate combination without classifying built-in leaves wholesale.
method:org.hibernate.dialect.Dialect#getCallableStatementSupport()	SUPPLIED_STRATEGY	APPROVED	SPI	IMPLEMENT,SUPPLY	RETAIN	Provider Dialects supply procedure-call interpretation and parameter-registration behavior consumed by Hibernate.			Phase 5	Thirteen overrides were observed; CallableStatementSupport is already in .spi, but providers currently depend on internal standard and vendor implementations, so expose a supported standard family base or composable equivalent while retaining internal built-in leaves.
method:org.hibernate.dialect.Dialect#getMinimumSupportedVersion()	SUPPLIED_STRATEGY	APPROVED	SPI	IMPLEMENT,SUPPLY	RETAIN	Provider Dialects supply the immutable minimum database version used for version fallback and compatibility diagnostics without expanding every supported constructor and family-constructor signature.			Phase 2	Nineteen overrides were observed and every one returns a constant; document that the hook is invoked during superclass construction and must return construction-safe immutable data without depending on subclass initialization.
method:org.hibernate.dialect.Dialect#canCreateSchema()	DDL_AND_SCHEMA	APPROVED	SPI	IMPLEMENT,SUPPLY	RETAIN	Provider Dialects supply whether Hibernate may create and drop schema namespaces during schema management.			Phase 5	Thirteen overrides and three direct schema-management consumers were observed; the boolean boundary is already compact and supported.
method:org.hibernate.dialect.Dialect#getCreateSchemaCommand(java.lang.String)	DDL_AND_SCHEMA	APPROVED	SPI	IMPLEMENT,SUPPLY	RETAIN	Provider Dialects supply the database-specific SQL commands Hibernate executes to create a schema namespace.			Phase 5	Seven overrides and two direct schema-management consumers were observed; the String input and String-array result form a small supported boundary.
method:org.hibernate.dialect.Dialect#getCurrentSchemaCommand()	DDL_AND_SCHEMA	APPROVED	INTERNAL		REMOVE	Current-schema discovery is provided by Connection#getSchema() or a custom SchemaNameResolver, and Hibernate no longer consumes this deprecated SQL-command hook.	Connection#getSchema() or getSchemaNameResolver()		Phase 5	Deprecated since 7.0; thirteen overrides remain but the only call site is provider-owned resolver code, so migrate in-repository overrides and add a versioned Migration Guide entry before removal.
method:org.hibernate.dialect.Dialect#getDropSchemaCommand(java.lang.String)	DDL_AND_SCHEMA	APPROVED	SPI	USE,IMPLEMENT,SUPPLY	RETAIN	Provider Dialects supply schema-drop SQL and may delegate standard cases to the inherited command rendering.			Phase 5	Twelve overrides, a direct schema-management consumer, and provider super-delegation were observed; the String input and String-array result form a small supported boundary.
method:org.hibernate.dialect.Dialect#supportsSchemaIfExists()	DDL_AND_SCHEMA	APPROVED	SPI	IMPLEMENT,SUPPLY	RETAIN	Provider Dialects supply whether the inherited schema-drop renderer may use IF EXISTS.			Phase 5	Six overrides were observed; Hibernate consumes the focused capability through the inherited getDropSchemaCommand implementation.
method:org.hibernate.dialect.Dialect#supportsSchemaIfNotExists()	DDL_AND_SCHEMA	APPROVED	SPI	IMPLEMENT,SUPPLY	RETAIN	Provider Dialects supply whether the inherited schema-create renderer may use IF NOT EXISTS.			Phase 5	Five overrides were observed; Hibernate consumes the focused capability through the inherited getCreateSchemaCommand implementation.
method:org.hibernate.dialect.Dialect#getQuerySequencesString()	DDL_AND_SCHEMA	APPROVED	INTERNAL		REPLACE	The sequence-discovery SQL is configuration of a SequenceInformationExtractor rather than an independent Dialect capability, and retaining both hooks creates a callback dependency between the extractor and Dialect.	getSequenceInformationExtractor() returning a supported standard extractor configured with its lookup SQL and result-column mapping		Phase 5	Thirty-six overrides were observed; migrate them with the extractor implementations, eliminate extractor callbacks to Dialect#getQuerySequencesString, and add a versioned Migration Guide entry.
method:org.hibernate.dialect.Dialect#getSequenceExporter()	DDL_AND_SCHEMA	APPROVED	SPI	USE,IMPLEMENT,SUPPLY	RETAIN	Provider Dialects supply sequence DDL export behavior and may delegate supported cases to Hibernate's inherited standard exporter.			Phase 5	Three overrides, three consumers, and provider super-delegation were observed; Exporter already resides in schema.spi, while StandardSequenceExporter needs a supported family base or composable name-formatting variation point.
method:org.hibernate.dialect.Dialect#getSequenceInformationExtractor()	DDL_AND_SCHEMA	APPROVED	SPI	USE,IMPLEMENT,SUPPLY	RETAIN	Provider Dialects supply sequence metadata extraction and may delegate unsupported or version-dependent cases to the inherited extractor selection.			Phase 5	Twenty-three overrides and provider super-delegation were observed; retain SequenceInformationExtractor in schema extraction SPI and replace provider dependencies on internal legacy and no-op implementations with supported bases, builders, strategies, or constants.
method:org.hibernate.dialect.Dialect#getSequenceSupport()	DDL_AND_SCHEMA	APPROVED	SPI	USE,IMPLEMENT,SUPPLY	RETAIN	Provider Dialects supply sequence DDL and value-retrieval semantics and may inspect or delegate to inherited sequence support when selecting a version-dependent strategy.			Phase 5	Forty overrides, provider calls, and provider super-delegation were observed; move the coherent feature contract to sequence.spi and expose only justified standard or family bases while keeping built-in leaves internal.
method:org.hibernate.dialect.Dialect#getFallbackSchemaManagementTool(java.util.Map,org.hibernate.service.spi.ServiceRegistryImplementor)	DDL_AND_SCHEMA	APPROVED	INTERNAL		REMOVE	Schema-management tool selection is a global service integration concern already handled by explicit configuration and Java service loading, not database-specific Dialect behavior.	hibernate.schema_management_tool, Java service loading for SchemaManagementTool, or normal service-registry integration		Phase 5	Incubating with no observed overrides; make HibernateSchemaManagementTool the initiator default after configured and service-loaded choices and add a versioned Migration Guide entry for direct removal.
method:org.hibernate.dialect.Dialect#getInformationExtractor(org.hibernate.tool.schema.extract.spi.ExtractionContext)	DDL_AND_SCHEMA	APPROVED	SPI	IMPLEMENT,SUPPLY	RETAIN	Provider Dialects supply database-specific JDBC or metadata-schema extraction behavior to Hibernate's schema-management tooling.			Phase 5	Nine overrides and one schema-tool consumer were observed; the input and result already reside in extraction SPI, but providers need supported JDBC-metadata bases, strategies, or composition instead of internal extractor implementations.
method:org.hibernate.dialect.Dialect#getSchemaNameResolver()	DDL_AND_SCHEMA	APPROVED	SPI	IMPLEMENT,SUPPLY	RETAIN	Provider Dialects supply database- or driver-specific current-schema resolution when Connection#getSchema() is insufficient.			Phase 5	Three overrides and one consumer were observed; SchemaNameResolver already resides in jdbc.env.spi and its functional interface supports direct provider implementations without internal dependencies.
method:org.hibernate.dialect.Dialect#getTemporaryTableDdlTransactionHandling()	DDL_AND_SCHEMA	APPROVED	INTERNAL		REMOVE	All Dialects use NONE, so an overridable transaction-handling hook and its enum add unsupported surface without representing any database variation.	Unconditional non-isolated temporary-table DDL execution		Phase 5	Deprecated since 7.0 with no observed overrides; simplify the two internal consumers, remove TempTableDdlTransactionHandling, and add a versioned Migration Guide entry.
method:org.hibernate.dialect.Dialect#throttleDdl()	DDL_AND_SCHEMA	APPROVED	INTERNAL		MOVE_BEHIND_INTERNAL_COLLABORATOR	A recent Oracle-only fixed-delay workaround controlling Hibernate's schema executor is not a coherent database capability or a supportable provider contract.	Resolve the Oracle temporal-DDL requirement or encapsulate any still-required coordination in internal schema execution		Phase 5	Introduced as an Incubating deprecated-for-removal TODO with one Oracle override and one internal consumer; remove it outright if the underlying issue is resolved, otherwise keep the workaround internal and do not establish a Migration Guide contract for an unreleased temporary hook.
method:org.hibernate.dialect.Dialect#contribute(org.hibernate.boot.model.TypeContributions,org.hibernate.service.ServiceRegistry)	TYPE_AND_FUNCTION	APPROVED	INTERNAL		REMOVE	The generic TypeContributor bridge duplicates the focused Dialect type-contribution hook and unnecessarily presents a Dialect as an independently selectable application TypeContributor.	contributeTypes(TypeContributions, ServiceRegistry)		Phase 5	Two HANA-family overrides and three calls were observed; move their early configuration into contributeTypes, have bootstrap call that focused hook directly, remove TypeContributor from Dialect, and add a versioned Migration Guide entry.
method:org.hibernate.dialect.Dialect#contributeFunctions(org.hibernate.boot.model.FunctionContributions)	TYPE_AND_FUNCTION	APPROVED	INTERNAL		REMOVE	The generic FunctionContributor bridge is unused because query-engine bootstrap already invokes the focused Dialect function-registry hook directly.	initializeFunctionRegistry(FunctionContributions)		Phase 5	No overrides or call sites were observed; remove FunctionContributor from Dialect and add a versioned Migration Guide entry distinguishing Dialect function customization from independently registered FunctionContributor services.
method:org.hibernate.dialect.Dialect#contributeTypes(org.hibernate.boot.model.TypeContributions,org.hibernate.service.ServiceRegistry)	TYPE_AND_FUNCTION	APPROVED	SPI	USE,IMPLEMENT,SUPPLY	RETAIN	Provider Dialects contribute database-specific JDBC, DDL, and basic type descriptors and may invoke the inherited contribution before adding family- or database-specific descriptors.			Phase 5	Thirty-three overrides and extensive provider super-delegation were observed; retain this as the single general Dialect type-contribution hook with TypeContributions and ServiceRegistry in its supported boundary.
method:org.hibernate.dialect.Dialect#initializeFunctionRegistry(org.hibernate.boot.model.FunctionContributions)	TYPE_AND_FUNCTION	APPROVED	SPI	USE,IMPLEMENT,SUPPLY	RETAIN	Provider Dialects contribute database-specific HQL and SQL function descriptors and may invoke the inherited standard registrations before adding or replacing functions.			Phase 5	Fifty overrides and extensive provider super-delegation were observed; retain this as the single Dialect function-contribution hook with FunctionContributions in its supported boundary.
method:org.hibernate.dialect.Dialect#registerColumnTypes(org.hibernate.boot.model.TypeContributions,org.hibernate.service.ServiceRegistry)	TYPE_AND_FUNCTION	APPROVED	SPI	USE,IMPLEMENT,SUPPLY	RETAIN	Provider Dialects contribute database-specific DDL type descriptors and may invoke the inherited ANSI-oriented registrations before replacing or extending them.			Phase 5	Thirty overrides and extensive provider super-delegation were observed; retain this focused protected sub-hook beneath contributeTypes and ensure the DDL type registry operations used by providers are supported.
method:org.hibernate.dialect.Dialect#ordinal()	GENERAL_CAPABILITY	APPROVED	INTERNAL		REMOVE	Dialect contribution order is fixed by Hibernate bootstrap and the inherited contributor ordinal has no meaning after Dialect no longer implements TypeContributor or FunctionContributor.	No replacement; independent TypeContributor and FunctionContributor implementations retain their own ordinal contracts		Phase 5	No overrides or direct calls were observed; remove the method with the generic contributor interfaces and document the separation in the Migration Guide.
method:org.hibernate.dialect.Dialect#appendArrayLiteral(org.hibernate.sql.ast.spi.SqlAppender,java.lang.Object[],org.hibernate.type.descriptor.jdbc.JdbcLiteralFormatter,org.hibernate.type.descriptor.WrapperOptions)	TYPE_AND_FUNCTION	APPROVED	SPI	USE,IMPLEMENT	RETAIN	Provider Dialects may render nonstandard array literals while reusing Hibernate's inherited ANSI ARRAY syntax where applicable.			Phase 4	No in-repository overrides and one literal-formatter consumer were observed; retain the focused hook and ensure SqlAppender, JdbcLiteralFormatter, and WrapperOptions are supported for provider invocation.
method:org.hibernate.dialect.Dialect#appendDateTimeLiteral(org.hibernate.sql.ast.spi.SqlAppender,java.time.temporal.TemporalAccessor,jakarta.persistence.TemporalType,java.util.TimeZone)	TYPE_AND_FUNCTION	APPROVED	SPI	USE,IMPLEMENT	RETAIN	Provider Dialects render java.time temporal literals using database-specific syntax and may delegate supported temporal forms to the inherited JDBC-escape rendering.			Phase 4	Twenty-six overrides, four consumers, and provider super-delegation were observed; retain this independently invoked representation-specific overload and its supported rendering boundary.
method:org.hibernate.dialect.Dialect#appendDateTimeLiteral(org.hibernate.sql.ast.spi.SqlAppender,java.util.Calendar,jakarta.persistence.TemporalType,java.util.TimeZone)	TYPE_AND_FUNCTION	APPROVED	SPI	USE,IMPLEMENT	RETAIN	Provider Dialects render Calendar literals using database-specific syntax and may delegate supported temporal forms to the inherited JDBC-escape rendering.			Phase 4	Nineteen overrides, one consumer, and provider super-delegation were observed; retain this independently invoked representation-specific overload because Calendar time-zone semantics are not equivalent to simple java.time conversion.
method:org.hibernate.dialect.Dialect#appendDateTimeLiteral(org.hibernate.sql.ast.spi.SqlAppender,java.util.Date,jakarta.persistence.TemporalType,java.util.TimeZone)	TYPE_AND_FUNCTION	APPROVED	SPI	USE,IMPLEMENT	RETAIN	Provider Dialects render legacy Date literals using database-specific syntax and may delegate supported temporal forms to the inherited JDBC-escape rendering.			Phase 4	Twenty-three overrides, two consumers, and provider super-delegation were observed; retain this independently invoked representation-specific overload while legacy Date mappings remain supported.
method:org.hibernate.dialect.Dialect#castType(int)	TYPE_AND_FUNCTION	APPROVED	SPI	USE,IMPLEMENT	RETAIN	Provider Dialects define cast-target type names which differ from column declarations and may delegate unchanged JDBC type codes to inherited type rendering.			Phase 5	Fourteen overrides, thirteen consumers, and extensive provider super-delegation were observed; retain the focused protected hook and document supported SqlTypes codes and placeholder semantics.
method:org.hibernate.dialect.Dialect#columnType(int)	TYPE_AND_FUNCTION	APPROVED	SPI	USE,IMPLEMENT	RETAIN	Provider Dialects define database column type names for JDBC and extended SqlTypes codes and may delegate unchanged codes to inherited ANSI-oriented rendering.			Phase 5	Forty-three overrides, forty-two consumers, and extensive provider super-delegation were observed; retain this foundational protected hook with explicit supported type-code and placeholder semantics.
method:org.hibernate.dialect.Dialect#getArrayTypeName(java.lang.String,java.lang.String,java.lang.Integer)	TYPE_AND_FUNCTION	APPROVED	SPI	USE,IMPLEMENT	RETAIN	Provider Dialects define standard, named, or otherwise database-specific array type names and may delegate standard element types to inherited ANSI rendering.			Phase 5	Four overrides, seven consumers, and provider super-delegation were observed; retain the focused hook and document nullability and the distinct Java-element, SQL-element, and maximum-length inputs.
method:org.hibernate.dialect.Dialect#getSelectClauseNullString(int,org.hibernate.type.spi.TypeConfiguration)	TYPE_AND_FUNCTION	APPROVED	INTERNAL		REMOVE	The JDBC-type-code overload cannot express size or named and aggregate type information and is superseded by the mapping-aware overload.	getSelectClauseNullString(SqlTypedMapping, TypeConfiguration)		Phase 5	Deprecated for removal with thirteen overrides and two consumers; migrate all overrides and callers to the mapping-aware hook and add a versioned Migration Guide entry.
method:org.hibernate.dialect.Dialect#getSelectClauseNullString(org.hibernate.metamodel.mapping.SqlTypedMapping,org.hibernate.type.spi.TypeConfiguration)	TYPE_AND_FUNCTION	APPROVED	SPI	USE,IMPLEMENT	RETAIN	Provider Dialects render typed null expressions for union queries using complete SQL mapping information and may delegate mappings requiring no special cast to inherited rendering.			Phase 5	Two overrides and two consumers were observed; make this the sole typed-null hook and ensure SqlTypedMapping and the required TypeConfiguration operations are in the supported provider boundary.
method:org.hibernate.dialect.Dialect#narrowCastType(int)	TYPE_AND_FUNCTION	APPROVED	SPI	USE,IMPLEMENT	RETAIN	Provider Dialects define cast-target type names for positions such as set-returning-function declarations where LOB type names are not accepted, while delegating other codes to inherited rendering.			Phase 5	One override, two consumers, and provider super-delegation were observed; retain the focused Incubating hook because its semantic constraint differs from general castType rendering.
method:org.hibernate.dialect.Dialect#equivalentTypes(int,int)	TYPE_AND_FUNCTION	APPROVED	SPI	USE,IMPLEMENT	RETAIN	Provider Dialects refine JDBC and extended SqlTypes equivalence for schema validation and migration while delegating unmatched type pairs to the inherited compatibility rules.			Phase 5	Three overrides and three direct consumers were observed; document the accepted type-code domain and the directional compatibility semantics used by the inherited implementation.
method:org.hibernate.dialect.Dialect#resolveSqlTypeCode(java.lang.String,org.hibernate.type.spi.TypeConfiguration)	TYPE_AND_FUNCTION	APPROVED	SPI	USE,IMPLEMENT	RETAIN	Provider Dialects resolve complete database-reported type names, including vendor, array, and parameterized forms, while delegating standard parsing and registry lookup.			Phase 5	Eight overrides, eight consumers, and extensive provider super-delegation were observed; retain its nullable result and document that this overload receives the complete reported type name before base-name lookup.
method:org.hibernate.dialect.Dialect#resolveSqlTypeCode(java.lang.String,java.lang.String,org.hibernate.type.spi.TypeConfiguration)	TYPE_AND_FUNCTION	APPROVED	SPI	USE,IMPLEMENT	RETAIN	Provider Dialects resolve database-reported types using both the original and normalized base names while delegating standard registry lookup.			Phase 5	Four overrides, five consumers, and provider super-delegation were observed; this nullable overload is independently overridden and is therefore a distinct supported variation point.
method:org.hibernate.dialect.Dialect#resolveSqlTypeDescriptor(java.lang.String,int,int,int,org.hibernate.type.descriptor.jdbc.spi.JdbcTypeRegistry)	TYPE_AND_FUNCTION	APPROVED	SPI	USE,IMPLEMENT	RETAIN	Provider Dialects replace or refine the JDBC descriptor inferred from result-set metadata while delegating standard registry resolution.			Phase 5	Twenty-nine overrides, twenty consumers, and extensive provider super-delegation were observed; JdbcTypeRegistry is already SPI and the remaining signature types form a focused metadata-resolution boundary.
method:org.hibernate.dialect.Dialect#resolveSqlTypeLength(java.lang.String,int,int,int,int)	TYPE_AND_FUNCTION	APPROVED	SPI	USE,IMPLEMENT	RETAIN	Provider Dialects normalize database-specific precision, length, scale, and display-size metadata into the length Hibernate uses for the resolved SQL type.			Phase 5	Five overrides, two consumers, and provider super-delegation were observed; retain this focused primitive-and-String boundary and document that JDBC precision may represent character length.
method:org.hibernate.dialect.Dialect#getEnumTypeDeclaration(java.lang.String,java.lang.String[])	TYPE_AND_FUNCTION	APPROVED	SPI	USE,IMPLEMENT	RETAIN	Provider Dialects render inline enum declarations or named enum type references from the database type name and relational enumeration values.			Phase 5	Eight overrides and four consumers were observed; retain the database-facing overload as the overridable hook and document that values are relational representations which might differ from Java enum constant names.
method:org.hibernate.dialect.Dialect#getEnumTypeDeclaration(java.lang.Class)	TYPE_AND_FUNCTION	APPROVED	SPI	USE	RETAIN	Provider enum JDBC types use this convenience to obtain a named enum type reference when only the Java enum class is available.			Phase 5	No overrides and three provider-oriented consumers were observed; make this a non-overridable convenience delegating to the database-facing overload and limit its contract to cases where the declaration does not depend on converted relational values.
method:org.hibernate.dialect.Dialect#getCreateEnumTypeCommand(java.lang.String,java.lang.String[])	TYPE_AND_FUNCTION	APPROVED	SPI	USE,IMPLEMENT	RETAIN	Provider Dialects render the database-specific commands which create a named enum type from its relational enumeration values.			Phase 5	Four overrides and four consumers were observed; retain the database-facing overload as the overridable hook with an empty array meaning no separate named-type creation is required.
method:org.hibernate.dialect.Dialect#getCreateEnumTypeCommand(java.lang.Class)	TYPE_AND_FUNCTION	APPROVED	INTERNAL		REMOVE	Named enum creation must use the relational enumeration values selected by mapping and conversion rather than independently deriving Java enum constant names.	getCreateEnumTypeCommand(String, String[]) with the mapped relational values		Phase 5	No overrides or consumers were observed; remove this unused and potentially misleading convenience and add a versioned Migration Guide entry.
method:org.hibernate.dialect.Dialect#getDropEnumTypeCommand(java.lang.String)	TYPE_AND_FUNCTION	APPROVED	SPI	USE,IMPLEMENT	RETAIN	Provider Dialects render the database-specific commands which drop a named enum type.			Phase 5	Four overrides and one direct delegating consumer were observed; retain the database-facing name overload as the overridable hook with an empty array meaning no separate named type is dropped.
method:org.hibernate.dialect.Dialect#getDropEnumTypeCommand(java.lang.Class)	TYPE_AND_FUNCTION	APPROVED	SPI	USE	RETAIN	Provider enum JDBC types use this convenience to derive the named enum type and obtain its database-specific drop commands.			Phase 5	No overrides and three provider-oriented consumers were observed; make this a non-overridable convenience delegating to the String hook.
method:org.hibernate.dialect.Dialect#getCheckCondition(java.lang.String,java.util.Collection,org.hibernate.type.descriptor.jdbc.JdbcType)	TYPE_AND_FUNCTION	APPROVED	SPI	USE,IMPLEMENT	RETAIN	Provider Dialects render discrete-value check constraints using the mapped relational values and their JDBC type, allowing database-specific quoting and predicate syntax.			Phase 5	One override and two consumers were observed; make this the single discrete-value variation point, migrate the Spanner family to it, and document supported character and integral JDBC types plus null-value semantics.
method:org.hibernate.dialect.Dialect#getCheckCondition(java.lang.String,long,long)	TYPE_AND_FUNCTION	APPROVED	SPI	USE,IMPLEMENT	RETAIN	Provider Dialects render compact integral-range check constraints for ordinal enum mappings and may replace the inherited BETWEEN form when required.			Phase 5	No overrides and one consumer were observed; retain the semantically distinct range hook rather than expanding ordinal ranges into potentially large discrete value collections.
method:org.hibernate.dialect.Dialect#getCheckCondition(java.lang.String,java.lang.String[])	TYPE_AND_FUNCTION	APPROVED	INTERNAL		REMOVE	The String-array overload duplicates the general discrete-value hook without carrying the JDBC type needed for complete rendering semantics.	getCheckCondition(String, Collection<?>, JdbcType) with a character JdbcType		Phase 5	One Spanner override and two consumers were observed; migrate BooleanJavaType and the Spanner behavior to the general hook, remove the Class-overload delegation, and add a versioned Migration Guide entry.
method:org.hibernate.dialect.Dialect#getCheckCondition(java.lang.String,java.lang.Long[])	TYPE_AND_FUNCTION	APPROVED	INTERNAL		REMOVE	The boxed-long overload duplicates the general discrete-value hook without carrying the JDBC type needed for complete rendering semantics.	getCheckCondition(String, Collection<?>, JdbcType) with an integral JdbcType		Phase 5	One Spanner override and two consumers were observed; migrate BooleanJavaType and the Spanner behavior to the general hook, remove the deprecated primitive-array delegation, and add a versioned Migration Guide entry.
method:org.hibernate.dialect.Dialect#getCheckCondition(java.lang.String,java.lang.Class)	TYPE_AND_FUNCTION	APPROVED	INTERNAL		REMOVE	The enum-class convenience obscures the relational values and JDBC type which determine correct check-constraint rendering.	getCheckCondition(String, Collection<?>, JdbcType) with the mapped enum values and JdbcType		Phase 5	No overrides and one consumer were observed; migrate EnumJavaType to the general discrete-value hook and add a versioned Migration Guide entry.
method:org.hibernate.dialect.Dialect#getCheckCondition(java.lang.String,long[])	TYPE_AND_FUNCTION	APPROVED	INTERNAL		REMOVE	The deprecated primitive-array overload is an unused boxing bridge to another redundant overload.	getCheckCondition(String, Collection<?>, JdbcType) with an integral JdbcType		Phase 5	Deprecated for removal since 6.5 with no overrides or consumers; remove it directly and include it in the versioned check-condition Migration Guide entry.
method:org.hibernate.dialect.Dialect#supportsUserDefinedTypes()	TYPE_AND_FUNCTION	APPROVED	SPI	IMPLEMENT,SUPPLY	RETAIN	Provider Dialects declare whether mapped aggregate structures may be represented as database user-defined types.			Phase 5	Four overrides and one mapping-model consumer were observed; retain this focused capability independently of the exporter selected for schema commands.
method:org.hibernate.dialect.Dialect#getUserDefinedTypeExporter()	TYPE_AND_FUNCTION	APPROVED	SPI	USE,IMPLEMENT,SUPPLY	RETAIN	Provider Dialects supply the exporter which creates and drops their database-specific user-defined types and may select or configure a supported standard family implementation.			Phase 5	Two overrides and two schema-management consumers were observed; Exporter is already schema SPI, while UserDefinedType and the standard UDT exporter family must form a supported provider boundary.
method:org.hibernate.dialect.Dialect#getCreateUserDefinedTypeKindString()	TYPE_AND_FUNCTION	APPROVED	INTERNAL		REPLACE	The UDT kind fragment is configuration of standard UDT create-command rendering rather than an independent general Dialect capability.	A supported standard UDT exporter family with configurable or overridable create-type grammar		Phase 5	Two Oracle-family overrides and one internal exporter consumer were observed; migrate the variation into the supported family and add a versioned Migration Guide entry.
method:org.hibernate.dialect.Dialect#getCreateUserDefinedTypeExtensionsString()	TYPE_AND_FUNCTION	APPROVED	INTERNAL		REPLACE	The trailing UDT clause is configuration of standard UDT create-command rendering rather than an independent general Dialect capability.	A supported standard UDT exporter family with configurable or overridable trailing create-type clauses		Phase 5	Two DB2-family overrides and one internal exporter consumer were observed; migrate the variation into the supported family and add a versioned Migration Guide entry.
method:org.hibernate.dialect.Dialect#supportsIfExistsBeforeTypeName()	TYPE_AND_FUNCTION	APPROVED	INTERNAL		REPLACE	IF EXISTS placement is part of UDT drop-command grammar and should be expressed atomically by the supplied UDT exporter family instead of one of two loosely coupled Dialect booleans.	Supported UDT exporter drop-grammar configuration or strategy		Phase 5	Five overrides and two exporter consumers were observed; migrate standard and Oracle exporter behavior and add a versioned Migration Guide entry.
method:org.hibernate.dialect.Dialect#supportsIfExistsAfterTypeName()	TYPE_AND_FUNCTION	APPROVED	INTERNAL		REPLACE	IF EXISTS placement is part of UDT drop-command grammar and should be expressed atomically by the supplied UDT exporter family instead of one of two loosely coupled Dialect booleans.	Supported UDT exporter drop-grammar configuration or strategy		Phase 5	No overrides and one internal exporter consumer were observed; remove the impossible both-true state through the replacement model and include this hook in the UDT Migration Guide entry.
method:org.hibernate.dialect.Dialect#augmentPhysicalTableTypes(java.util.List)	TYPE_AND_FUNCTION	APPROVED	SPI	USE,IMPLEMENT	RETAIN	Provider Dialects add database-specific JDBC metadata table-type names which Hibernate must treat as physical tables during schema extraction.			Phase 5	Two overrides and one extraction consumer were observed; retain the focused JDK-only boundary and document the mutable list's initial contents, add-only expectation, duplicate handling, and case semantics.
method:org.hibernate.dialect.Dialect#augmentRecognizedTableTypes(java.util.List)	TYPE_AND_FUNCTION	APPROVED	SPI	USE,IMPLEMENT	RETAIN	Provider Dialects add database-specific JDBC metadata table-type names which Hibernate should recognize during schema extraction, including materialized views and partitioned tables.			Phase 5	Three overrides, one extraction consumer, and provider super-delegation were observed; retain the inheritance-friendly additive hook and document the mutable list's standard and configured initial contents, add-only expectation, duplicate handling, and case semantics.
method:org.hibernate.dialect.Dialect#getLockingStrategy(org.hibernate.persister.entity.EntityPersister,org.hibernate.LockMode,jakarta.persistence.PessimisticLockScope)	TYPE_AND_FUNCTION	APPROVED	INTERNAL		REPLACE	Entity-lock strategy selection should be supplied as one cohesive family instead of exposing raw engine state through a general Dialect selector and six subordinate builder callbacks.	getEntityLockingStrategyFactory() returning a supported factory driven by an EntityLockingStrategyRequest and standard profiles		Phase 5	No overrides and two consumers were observed; move engine invocation behind the factory, define a narrow supported target/context view, retain LockingStrategy as the advanced result contract, and add a versioned Migration Guide entry.
method:org.hibernate.dialect.Dialect#getLockingStrategy(org.hibernate.persister.entity.EntityPersister,org.hibernate.LockMode)	TYPE_AND_FUNCTION	APPROVED	INTERNAL		REMOVE	The deprecated selector omits PessimisticLockScope and is superseded by the cohesive entity-locking factory.	getEntityLockingStrategyFactory() with the request's explicit lock scope		Phase 5	Deprecated for removal since 7 with one community override and no consumers; migrate InterSystems IRIS to a standard or version-aware factory profile and include this overload in the versioned locking Migration Guide entry.
method:org.hibernate.dialect.Dialect#buildPessimisticForceIncrementStrategy(org.hibernate.persister.entity.EntityPersister,org.hibernate.LockMode,jakarta.persistence.PessimisticLockScope)	TYPE_AND_FUNCTION	APPROVED	INTERNAL		REPLACE	Per-lock-mode protected builders fragment a single strategy-selection policy and expose EntityPersister transitively through the Dialect subclass contract.	Standard entity-locking factory profiles and configurable per-mode strategy selection		Phase 5	No overrides and one internal selector consumer were observed; provide the stock force-increment selection through the supported factory family.
method:org.hibernate.dialect.Dialect#buildPessimisticWriteStrategy(org.hibernate.persister.entity.EntityPersister,org.hibernate.LockMode,jakarta.persistence.PessimisticLockScope)	TYPE_AND_FUNCTION	APPROVED	INTERNAL		REPLACE	Per-lock-mode protected builders fragment a single strategy-selection policy and require providers to construct concrete strategy implementations directly.	Standard entity-locking factory profiles supporting SQL-AST, select, and update pessimistic-write strategies		Phase 5	Three community overrides and one internal selector consumer were observed; migrate Cache, RDMS, and TimesTen to the stock update profile and document the custom-factory escape hatch.
method:org.hibernate.dialect.Dialect#buildPessimisticReadStrategy(org.hibernate.persister.entity.EntityPersister,org.hibernate.LockMode,jakarta.persistence.PessimisticLockScope)	TYPE_AND_FUNCTION	APPROVED	INTERNAL		REPLACE	Per-lock-mode protected builders fragment a single strategy-selection policy and require providers to construct concrete strategy implementations directly.	Standard entity-locking factory profiles supporting SQL-AST, select, and update pessimistic-read strategies		Phase 5	Three community overrides and one internal selector consumer were observed; migrate Cache, RDMS, and TimesTen to the stock update profile and document the custom-factory escape hatch.
method:org.hibernate.dialect.Dialect#buildOptimisticForceIncrementStrategy(org.hibernate.persister.entity.EntityPersister,org.hibernate.LockMode)	TYPE_AND_FUNCTION	APPROVED	INTERNAL		REPLACE	Per-lock-mode protected builders fragment a single strategy-selection policy and expose EntityPersister transitively through the Dialect subclass contract.	Standard entity-locking factory profiles and configurable per-mode strategy selection		Phase 5	No overrides and one internal selector consumer were observed; provide the stock optimistic force-increment selection through the supported factory family.
method:org.hibernate.dialect.Dialect#buildOptimisticStrategy(org.hibernate.persister.entity.EntityPersister,org.hibernate.LockMode)	TYPE_AND_FUNCTION	APPROVED	INTERNAL		REPLACE	Per-lock-mode protected builders fragment a single strategy-selection policy and expose EntityPersister transitively through the Dialect subclass contract.	Standard entity-locking factory profiles and configurable per-mode strategy selection		Phase 5	No overrides and one internal selector consumer were observed; provide the stock optimistic selection through the supported factory family.
method:org.hibernate.dialect.Dialect#buildReadStrategy(org.hibernate.persister.entity.EntityPersister,org.hibernate.LockMode,jakarta.persistence.PessimisticLockScope)	TYPE_AND_FUNCTION	APPROVED	INTERNAL		REPLACE	Per-lock-mode protected builders fragment a single strategy-selection policy and require provider-specific routing to be spread across Dialect callbacks.	Standard entity-locking factory profiles with version-aware routing and a supported custom-factory escape hatch		Phase 5	One HSQL legacy override and one internal selector consumer were observed; migrate its version-dependent select strategy through the family configuration and preserve deliberate custom strategy implementation support.
type:org.hibernate.dialect.Dialect$SizeStrategy	TYPE_AND_FUNCTION	APPROVED	INTERNAL		REPLACE	The size-resolution contract is a reusable type-system SPI and should not remain a nested member of the already-large Dialect class.	A top-level SizeStrategy interface in a coherent dialect type SPI package		Phase 5	The replacement SPI package supplies implicit USE and the interface declares IMPLEMENT; preserve both resolveSize forms and ensure Size, JdbcType, and JavaType are supported signature elements.
type:org.hibernate.dialect.Dialect$SizeStrategyImpl	TYPE_AND_FUNCTION	APPROVED	INTERNAL		REPLACE	Providers demonstrably customize the standard sizing algorithm through inheritance, but the current non-static inner implementation unnecessarily couples subclass construction to Dialect internals.	A supported StandardSizeStrategy family base bound to its Dialect or a narrow size-default context		Phase 5	Source analysis found eight anonymous provider subclasses with extensive super.resolveSize delegation despite the generated type-level usage count; preserve this pattern through a deliberately limited supported base and migrate all built-in and community Dialects.
method:org.hibernate.dialect.Dialect#getPreferredSqlTypeCodeForArray()	TYPE_AND_FUNCTION	APPROVED	SPI	USE,IMPLEMENT,SUPPLY	RETAIN	Provider Dialects supply the default SqlTypes code used for basic arrays and collections when no explicit mapping preference overrides it, and may delegate version-independent cases to the inherited choice.			Phase 5	Eleven overrides, five direct consumers, and provider super-delegation were observed; document that explicit configuration wins, enumerate supported array-capable codes, and keep this distinct from per-element JdbcTypeIndicators resolution.
method:org.hibernate.dialect.Dialect#getPreferredSqlTypeCodeForBoolean()	TYPE_AND_FUNCTION	APPROVED	SPI	USE,IMPLEMENT,SUPPLY	RETAIN	Provider Dialects supply the default JDBC or SqlTypes code used for Boolean mappings when no explicit mapping preference overrides it, and may delegate version-supported cases to the inherited BOOLEAN choice.			Phase 5	Seventeen overrides, six direct consumers, and provider super-delegation were observed; document configuration precedence and the supported Boolean-compatible type codes.
method:org.hibernate.dialect.Dialect#supportsBitType()	TYPE_AND_FUNCTION	APPROVED	INTERNAL		REMOVE	Boolean type selection and registration are controlled by the preferred Boolean type code and type contributions, leaving this legacy capability disconnected from observable ORM behavior.	getPreferredSqlTypeCodeForBoolean() and contributeTypes(...)		Phase 5	Four overrides and no consumers were observed; remove the dead hook and its overrides, and add a versioned Migration Guide entry directing providers to the effective contracts.
method:org.hibernate.dialect.Dialect#getLowercaseFunction()	TYPE_AND_FUNCTION	APPROVED	SPI	USE,IMPLEMENT	RETAIN	Provider Dialects and SQL AST translators use the database-specific lowercase function name when rendering case-folding and emulation SQL.			Phase 4	Two overrides and ten consumers were observed, including community translators; retain the focused grammar hook and document that the result is an unquoted SQL function name rather than a complete invocation pattern.
method:org.hibernate.dialect.Dialect#timestampaddPattern(org.hibernate.query.common.TemporalUnit,jakarta.persistence.TemporalType,org.hibernate.dialect.type.IntervalType)	TYPE_AND_FUNCTION	APPROVED	SPI	USE,IMPLEMENT	RETAIN	Provider Dialects supply timestamp-add rendering patterns across temporal units, temporal representations, and native or emulated interval forms, and may delegate supported combinations to a family implementation.			Phase 4	Forty-three overrides, two direct consumers, and provider super-delegation were observed; retain the primary grammar hook, document all three placeholder positions and unsupported-combination behavior, and include IntervalType in the supported provider boundary.
method:org.hibernate.dialect.Dialect#timestampdiffPattern(org.hibernate.query.common.TemporalUnit,jakarta.persistence.TemporalType,jakarta.persistence.TemporalType)	TYPE_AND_FUNCTION	APPROVED	SPI	USE,IMPLEMENT	RETAIN	Provider Dialects supply timestamp-difference rendering patterns across temporal units and operand representations and may delegate supported combinations to a family implementation.			Phase 4	Forty-two overrides, five direct consumers, and provider super-delegation were observed; retain the primary grammar hook and document all three placeholder positions, argument order, result-unit semantics, and unsupported-combination behavior.
method:org.hibernate.dialect.Dialect#supportsStandardCurrentTimestampFunction()	TYPE_AND_FUNCTION	APPROVED	INTERNAL		REMOVE	No Hibernate behavior consults this legacy capability; current-timestamp expression and selection behavior are determined by the active rendering and current-timestamp hooks.	Current timestamp rendering plus getCurrentTimestampSelectString() and isCurrentTimestampSelectStringCallable() where selection is required		Phase 5	Three overrides and no consumers were observed; remove the disconnected method and overrides, and add a versioned Migration Guide entry identifying the effective replacement contracts.
method:org.hibernate.dialect.Dialect#getFunctionalDependencyAnalysisSupport()	TYPE_AND_FUNCTION	APPROVED	SPI	IMPLEMENT,SUPPLY	RETAIN	Provider Dialects supply their database's functional-dependency analysis profile so Hibernate can safely reduce GROUP BY and ORDER BY expressions.			Phase 5	Sixteen overrides and one consumer were observed; retain the focused getter but replace the interface and mutable-looking implementation pair with a supported immutable profile value and named stock profiles in a coherent SPI package.
method:org.hibernate.dialect.Dialect#supportsFetchClause(org.hibernate.query.common.FetchClauseType)	TYPE_AND_FUNCTION	APPROVED	SPI	USE,IMPLEMENT,SUPPLY	RETAIN	Provider Dialects declare support independently for each SQL FETCH clause form, and provider translators consult the capability when selecting native rendering or emulation.			Phase 4	Thirteen overrides and fourteen consumers were observed, including provider translators; retain the focused capability and include FetchClauseType in the supported provider boundary with exhaustive per-value compatibility tests.
method:org.hibernate.dialect.Dialect#supportsWindowFunctions()	TYPE_AND_FUNCTION	APPROVED	SPI	USE,IMPLEMENT,SUPPLY	RETAIN	Provider Dialects declare native window-function support used by query translation, pagination emulation, temporary-table population, and provider translators.			Phase 4	Thirty-two overrides and fourteen consumers were observed; retain the widely used capability and document that it denotes the baseline window-function feature rather than every optional window clause.
method:org.hibernate.dialect.Dialect#supportsWindowFrames()	TYPE_AND_FUNCTION	APPROVED	SPI	IMPLEMENT,SUPPLY	RETAIN	Provider Dialects separately declare support for ROWS, RANGE, and GROUPS frame clauses when baseline window functions exist.			Phase 4	One CUBRID override but no consumers were observed; retain the semantically distinct capability only by wiring it into SQL AST validation or rendering and adding a compatibility test so the SPI promise has observable effect.
method:org.hibernate.dialect.Dialect#getAlterColumnTypeString(java.lang.String,java.lang.String,java.lang.String)	TYPE_AND_FUNCTION	APPROVED	SPI	IMPLEMENT	RETAIN	Provider Dialects render the database-specific ALTER TABLE fragment for changing a column type, or return null when the operation is unsupported.			Phase 5	Sixteen overrides and one schema-migration consumer were observed; make the nullable result the sole capability signal and document the distinct quoted column name, rendered type, and full column-definition inputs.
method:org.hibernate.dialect.Dialect#supportsAlterColumnType()	TYPE_AND_FUNCTION	APPROVED	INTERNAL		REMOVE	A separate Boolean duplicates the nullable alter-column fragment and permits contradictory states between capability and rendering.	A non-null result from getAlterColumnTypeString(String, String, String)		Phase 5	Sixteen overrides paired with the rendering overrides and one consumer were observed; update StandardTableMigrator to call the renderer when a type change is needed, apply only non-null fragments, migrate provider pairs, and add a versioned Migration Guide entry.
method:org.hibernate.dialect.Dialect#getTableTypeString()	TYPE_AND_FUNCTION	APPROVED	SPI	USE,IMPLEMENT	RETAIN	Provider Dialects render database-specific trailing CREATE TABLE options such as storage-engine or row-locking clauses and may compose or delegate family defaults.			Phase 5	Four overrides, three consumers, and provider super-delegation were observed; retain the focused String hook and document whether leading whitespace belongs to the returned fragment plus its application to persistent temporary tables.
method:org.hibernate.dialect.Dialect#hasDataTypeBeforeGeneratedAs()	DDL_AND_SCHEMA	APPROVED	INTERNAL		REPLACE	Although previously approved as a focused hook, type presence is one of the coupled ordering rules for generated-column definitions and belongs with the column-definition grammar now being consolidated.	ColumnDefinitionSupport generated-column type-presence policy		Phase 5	Three overrides and one schema-rendering consumer were observed; this explicitly supersedes the earlier retention decision, preserves typed and type-inferred grammars, and tests the policy together with generated-clause and nullability ordering.
method:org.hibernate.dialect.Dialect#rowIdSqlType()	TYPE_AND_FUNCTION	APPROVED	INTERNAL		REPLACE	Although previously approved as a focused primitive hook, the locator type is valid only together with the row-id expression and optional physical declaration now being consolidated.	RowIdSupport locator JDBC or extended SqlTypes code		Phase 5	Nine overrides and two consumers were observed; this supersedes the earlier retention decision, preserves provider-translator access through the supported profile, and validates type availability with the locator expression.
method:org.hibernate.dialect.Dialect#supportsBindingNullSqlTypeForSetNull()	TYPE_AND_FUNCTION	APPROVED	INTERNAL		REPLACE	This Boolean is one branch of a prioritized null-binding policy and can conflict with the independent setObject(null) capability.	getObjectNullBindingStrategy() returning a supported null-binding profile		Phase 5	Four overrides and two consumers were observed; migrate PostgreSQL, H2, MySQL, and GaussDB to the SET_NULL_WITH_NULL_TYPE profile and add a versioned Migration Guide entry.
method:org.hibernate.dialect.Dialect#supportsBindingNullForSetObject()	TYPE_AND_FUNCTION	APPROVED	INTERNAL		REPLACE	This Boolean is one branch of a prioritized null-binding policy and its true value silently takes precedence over the setNull capability.	getObjectNullBindingStrategy() returning a supported null-binding profile		Phase 5	One SQL Server override and two consumers were observed; replace the Boolean pair with explicit SET_OBJECT, SET_NULL_WITH_NULL_TYPE, and metadata-derived SET_NULL profiles in a coherent SPI package, update ObjectNullResolvingJdbcType, and add compatibility tests and a versioned Migration Guide entry.
field:org.hibernate.dialect.Dialect#QUOTE	GENERAL_CAPABILITY	APPROVED	INTERNAL		REMOVE	This is a fixed set of legacy mapping-level quote markers, not database behavior supplied or consumed by a Dialect provider.	Identifier quote-marker recognition or a private internal quote-pair helper		Phase 5	The generated inventory misses the two static field reads in Column and Alias; migrate those internal consumers, remove the public constant from Dialect, and add a versioned Migration Guide entry.
field:org.hibernate.dialect.Dialect#CLOSED_QUOTE	GENERAL_CAPABILITY	APPROVED	INTERNAL		REMOVE	This is the closing half of the fixed legacy mapping-level quote-marker table, not a provider extension contract.	Identifier quote-marker recognition or a private internal quote-pair helper		Phase 5	The generated inventory misses the two static field reads in Column and Alias; preserve the backtick, double-quote, and bracket pairings internally, remove the public constant from Dialect, and add a versioned Migration Guide entry.
method:org.hibernate.dialect.Dialect#openQuote()	GENERAL_CAPABILITY	APPROVED	SPI	USE,IMPLEMENT,SUPPLY	RETAIN	Provider Dialects supply their database's identifier opening delimiter, while provider support code may consume it when parsing or rendering identifiers.			Phase 5	Seven overrides and five generated call sites were observed; retain the primitive hook and test both symmetric and asymmetric quote pairs.
method:org.hibernate.dialect.Dialect#closeQuote()	GENERAL_CAPABILITY	APPROVED	SPI	USE,IMPLEMENT,SUPPLY	RETAIN	Provider Dialects supply their database's identifier closing delimiter, while provider support code may consume it when parsing or rendering identifiers.			Phase 5	Seven overrides and five generated call sites were observed; retain the primitive hook and test both symmetric and asymmetric quote pairs.
method:org.hibernate.dialect.Dialect#toQuotedIdentifier(java.lang.String)	GENERAL_CAPABILITY	APPROVED	SPI	USE,IMPLEMENT	RETAIN	Provider Dialects may customize complete identifier rendering for database-specific exceptions and may delegate ordinary identifiers to the inherited delimiter-based implementation.			Phase 5	Two Sybase overrides and three call sites were observed; retain the nullable focused rendering hook and cover the Sybase temporary-table exception as well as normal delegation.
method:org.hibernate.dialect.Dialect#quote(java.lang.String)	GENERAL_CAPABILITY	APPROVED	SPI	USE	RETAIN	Provider-side delegates and rendering helpers need the convenience which converts Hibernate's backtick marker to the active database delimiters, but database variation belongs in the delimiter and complete-rendering hooks.			Phase 5	No overrides and nine call sites were observed, including a community UniqueDelegate; retain it as a provider convenience but make it non-overridable, precisely document its marker-conversion semantics, and add a Migration Guide note for any unsupported override.
method:org.hibernate.dialect.Dialect#quoteCollation(java.lang.String)	GENERAL_CAPABILITY	APPROVED	SPI	IMPLEMENT	RETAIN	Provider Dialects customize whether and how a collation name is quoted in a column definition independently of general identifier quoting.			Phase 5	Three overrides and one schema-rendering consumer were observed; retain the focused rendering hook and test both the inherited pass-through and quoted database forms.
method:org.hibernate.dialect.Dialect#appendBinaryLiteral(org.hibernate.sql.ast.spi.SqlAppender,byte[])	GENERAL_CAPABILITY	APPROVED	SPI	USE,IMPLEMENT	RETAIN	Provider Dialects render binary literals using database-specific introducers, encodings, and casts, and provider translators or JDBC literal formatters may invoke the renderer.			Phase 5	Twelve overrides and one generated consumer were observed; retain the focused appender hook and cover representative hexadecimal, function, and cast forms without exposing an intermediate String contract.
method:org.hibernate.dialect.Dialect#appendBooleanValueString(org.hibernate.sql.ast.spi.SqlAppender,boolean)	GENERAL_CAPABILITY	APPROVED	SPI	USE,IMPLEMENT	RETAIN	Provider Dialects render database-specific Boolean literal expressions and provider translators may append them directly without allocating an intermediate String.			Phase 5	Twenty-one overrides and five consumers were observed, including provider super-delegation; retain this as the sole Boolean-literal implementation hook and test native Boolean and numeric emulation forms.
method:org.hibernate.dialect.Dialect#appendIntervalLiteral(org.hibernate.sql.ast.spi.SqlAppender,java.time.Duration)	GENERAL_CAPABILITY	APPROVED	SPI	USE,IMPLEMENT	RETAIN	Provider Dialects and provider JDBC types may render duration literals using database-specific interval syntax while delegating supported forms to the inherited SQL-oriented implementation.			Phase 5	No overrides and three consumers were observed; retain the focused duration hook because interval syntax is database behavior, and add coverage for whole-unit and fractional-second forms, including the inherited renderer's duplicated interval introducer path.
method:org.hibernate.dialect.Dialect#appendIntervalLiteral(org.hibernate.sql.ast.spi.SqlAppender,java.time.temporal.TemporalAmount)	GENERAL_CAPABILITY	APPROVED	SPI	USE,IMPLEMENT	RETAIN	Provider translators render general temporal amounts through a database-specific interval hook which dispatches durations and calendar periods.			Phase 5	No overrides and one SQL AST translator consumer were observed; retain the general hook so providers can customize period or combined-unit syntax, and test Duration delegation, Period rendering, and unsupported TemporalAmount behavior.
method:org.hibernate.dialect.Dialect#appendLiteral(org.hibernate.sql.ast.spi.SqlAppender,java.lang.String)	GENERAL_CAPABILITY	APPROVED	SPI	USE,IMPLEMENT	RETAIN	Provider Dialects render string literals with database-specific escaping rules, and provider functions and translators may invoke the same renderer.			Phase 5	Four overrides and nine consumers were observed, including community JSON renderers; retain the focused appender hook and test standard escaping plus MySQL-style escape behavior.
method:org.hibernate.dialect.Dialect#appendUUIDLiteral(org.hibernate.sql.ast.spi.SqlAppender,java.util.UUID)	GENERAL_CAPABILITY	APPROVED	SPI	USE,IMPLEMENT	RETAIN	Provider Dialects render UUID literals using database-specific casts, functions, or native syntax, and provider JDBC literal formatters may invoke the renderer.			Phase 5	Three overrides and one generated consumer were observed; retain the focused appender hook and cover native UUID, binary-oriented, and cast-based forms.
method:org.hibernate.dialect.Dialect#toBooleanValueString(boolean)	GENERAL_CAPABILITY	APPROVED	SPI	USE	RETAIN	Provider translators and legacy SQL rendering helpers sometimes require the complete Boolean literal as a String, but all database variation is already expressed by appendBooleanValueString(...).			Phase 5	No overrides and two consumers were observed; retain it as a non-overridable convenience delegating to the supported appender hook, and add a Migration Guide note for any unsupported override.
method:org.hibernate.dialect.Dialect#currentDate()	GENERAL_CAPABILITY	APPROVED	SPI	USE,IMPLEMENT	RETAIN	Provider Dialects render the current or local date expression used to register the HQL and JPQL temporal functions and may reuse it in provider SQL rendering.			Phase 5	Eleven overrides and one registry consumer were observed; retain the focused expression hook and document that the result is a complete unparenthesized SQL expression.
method:org.hibernate.dialect.Dialect#currentTime()	GENERAL_CAPABILITY	APPROVED	SPI	USE,IMPLEMENT	RETAIN	Provider Dialects render the legacy JDBC current-time expression whose no-time-zone semantics may differ from the ANSI current_time expression.			Phase 5	Twenty-two overrides and three consumers were observed, including provider delegation; retain the focused hook and test its deliberate semantic relationship to currentLocalTime().
method:org.hibernate.dialect.Dialect#currentTimestamp()	GENERAL_CAPABILITY	APPROVED	SPI	USE,IMPLEMENT	RETAIN	Provider Dialects render the legacy JDBC current-timestamp expression whose no-time-zone semantics may differ from ANSI current_timestamp and which is reused by generated-value and temporal mapping support.			Phase 5	Twenty-six overrides and twenty-one consumers were observed, including provider delegation; retain the focused hook and document expression type and stability separately.
method:org.hibernate.dialect.Dialect#currentLocalTime()	GENERAL_CAPABILITY	APPROVED	SPI	USE,IMPLEMENT	RETAIN	Provider Dialects render the no-time-zone local-time expression and may delegate to currentTime() where the database uses the same expression.			Phase 5	Four overrides and one registry consumer were observed; retain the focused semantic hook and test both inherited delegation and distinct local-time syntax.
method:org.hibernate.dialect.Dialect#currentLocalTimestamp()	GENERAL_CAPABILITY	APPROVED	SPI	USE,IMPLEMENT	RETAIN	Provider Dialects render the no-time-zone local-timestamp expression and may delegate to currentTimestamp() where the database uses the same expression.			Phase 5	Four overrides and four consumers were observed, including provider delegation; retain the focused semantic hook and test both inherited delegation and distinct local-timestamp syntax.
method:org.hibernate.dialect.Dialect#currentTimestampWithTimeZone()	GENERAL_CAPABILITY	APPROVED	SPI	USE,IMPLEMENT	RETAIN	Provider Dialects render the current timestamp-with-time-zone expression used for OffsetDateTime semantics and may share it with another current temporal expression where database typing permits.			Phase 5	Thirteen overrides and seven consumers were observed, including provider delegation; retain the focused semantic hook and document that the result type, not merely its spelling, distinguishes it from currentTimestamp().
method:org.hibernate.dialect.Dialect#supportsCurrentTimestampSelection()	GENERAL_CAPABILITY	APPROVED	INTERNAL		REPLACE	This unconsumed Boolean duplicates the availability of current-timestamp retrieval and permits contradictory combinations with the command and callable hooks.	A nullable getCurrentTimestampSelection() profile containing the command and JDBC callable flag		Phase 5	Twenty-nine overrides and no consumers were observed; migrate each three-method provider set to one optional immutable profile and add a versioned Migration Guide entry.
method:org.hibernate.dialect.Dialect#getCurrentTimestampSelectString()	GENERAL_CAPABILITY	APPROVED	INTERNAL		REPLACE	The retrieval command and its JDBC preparation mode are one atomic provider-supplied selection strategy and should not be independently overridable.	A nullable getCurrentTimestampSelection() profile containing the command and JDBC callable flag		Phase 5	Thirty overrides and one consumer were observed; migrate CurrentTimestampGeneration to obtain and validate one selection profile, and cover absent, prepared-statement, and callable forms.
method:org.hibernate.dialect.Dialect#isCurrentTimestampSelectStringCallable()	GENERAL_CAPABILITY	APPROVED	INTERNAL		REPLACE	This Boolean is meaningful only together with the current-timestamp selection command and can currently contradict its availability.	A nullable getCurrentTimestampSelection() profile containing the command and JDBC callable flag		Phase 5	Twenty-nine overrides and one consumer were observed; migrate paired overrides into the immutable selection profile and add compatibility tests and a versioned Migration Guide entry.
method:org.hibernate.dialect.Dialect#isCurrentTimestampStable()	GENERAL_CAPABILITY	APPROVED	SPI	IMPLEMENT,SUPPLY	RETAIN	Provider Dialects declare whether the current-timestamp expression is transaction-stable, which controls temporal changeset identity independently of how a timestamp is selected through JDBC.			Phase 5	Six overrides and two consumers were observed; retain the distinct capability and test stable and volatile database semantics separately from the selection profile.
method:org.hibernate.dialect.Dialect#buildSQLExceptionConversionDelegate()	GENERAL_CAPABILITY	APPROVED	SPI	USE,IMPLEMENT,SUPPLY	RETAIN	Provider Dialects supply vendor-specific SQLException conversion in addition to Hibernate's standard JDBC hierarchy and SQL-state delegates, and family implementations may delegate an unsupported version to the inherited null result.			Phase 5	Thirty-three overrides and two consumers were observed; retain the nullable focused factory and explicitly classify SQLExceptionConversionDelegate for provider implementation as well as use.
method:org.hibernate.dialect.Dialect#getViolatedConstraintNameExtractor()	GENERAL_CAPABILITY	APPROVED	SPI	USE,IMPLEMENT,SUPPLY	RETAIN	Provider Dialects supply vendor-message constraint-name extraction used both by their own conversion delegates and by Hibernate's standard conversion chain.			Phase 5	Thirty overrides and twenty-six consumers were observed, mostly provider delegates; retain the focused getter and explicitly classify ViolatedConstraintNameExtractor for provider implementation as well as use.
method:org.hibernate.dialect.Dialect#causesRollback(java.sql.SQLException)	GENERAL_CAPABILITY	APPROVED	SPI	IMPLEMENT,SUPPLY	RETAIN	Provider Dialects determine whether a particular failed statement causes the database transaction itself to enter rollback-only state, independently of how the exception is converted.			Phase 5	Two overrides and two consumers were observed; retain the SQLException parameter to preserve conditional provider policies even though the current PostgreSQL-family overrides return true for every exception, and test both transaction-state outcomes.
method:org.hibernate.dialect.Dialect#buildIdentifierHelper(org.hibernate.engine.jdbc.env.spi.IdentifierHelperBuilder,java.sql.DatabaseMetaData)	GENERAL_CAPABILITY	APPROVED	SPI	USE,IMPLEMENT,SUPPLY	RETAIN	Provider Dialects configure or supply identifier normalization using driver metadata, registered keywords, database casing, and qualification rules, and family implementations commonly delegate to the inherited builder path.			Phase 5	Twenty-nine overrides and thirty-two consumers were observed, predominantly provider super-delegation; retain the nullable focused builder hook and ensure IdentifierHelper and IdentifierHelperBuilder have the roles required by provider implementations.
method:org.hibernate.dialect.Dialect#getCatalogSeparator()	GENERAL_CAPABILITY	APPROVED	SPI	IMPLEMENT,SUPPLY	RETAIN	Provider Dialects supply the separator used between catalog and following name parts when JDBC metadata is unavailable or insufficient.			Phase 5	One Informix override and one environment consumer were observed; retain the focused scalar capability and test the standard dot and Informix colon forms.
method:org.hibernate.dialect.Dialect#getKeywords()	GENERAL_CAPABILITY	APPROVED	SPI	USE	RETAIN	Provider identifier helpers and SQL renderers may inspect the completed normalized keyword set, but mutation must occur only through the supported registration lifecycle.			Phase 5	No overrides and three consumers were observed, including a community identifier helper; retain it as a non-overridable read-only view and return an immutable Set so callers cannot mutate Dialect construction state.
method:org.hibernate.dialect.Dialect#getMaxAliasLength()	GENERAL_CAPABILITY	APPROVED	SPI	USE,IMPLEMENT,SUPPLY	RETAIN	Provider Dialects supply the safe length Hibernate may use for generated SQL aliases after reserving suffix space, and provider rendering helpers may use the same limit.			Phase 5	Twelve overrides and one consumer were observed; retain the focused limit, distinguish it from the database identifier limit, and test generated alias truncation and suffix preservation.
method:org.hibernate.dialect.Dialect#getMaxIdentifierLength()	GENERAL_CAPABILITY	APPROVED	SPI	USE,IMPLEMENT,SUPPLY	RETAIN	Provider Dialects supply the database's general identifier-length limit, while provider type and temporary-object support may use it when constructing auxiliary names.			Phase 5	Twenty-five overrides and three consumers were observed, including a Dialect-specific JDBC type; retain the focused limit and test temporary-table, CTE, and auxiliary-type name truncation.
method:org.hibernate.dialect.Dialect#registerDefaultKeywords()	GENERAL_CAPABILITY	APPROVED	INTERNAL		REPLACE	ANSI keyword initialization is invariant Hibernate construction work, while overriding a method from the superclass constructor creates a fragile provider lifecycle solely to append vendor words.	Internal non-overridable ANSI initialization plus protected registerKeyword(String) and registerKeywords(String...) provider helpers		Phase 5	Eighteen overrides and twenty consumers were observed; migrate vendor additions to provider construction, remove the overridable constructor hook, preserve superclass-before-provider ordering, and add a versioned Migration Guide entry.
method:org.hibernate.dialect.Dialect#registerKeyword(java.lang.String)	GENERAL_CAPABILITY	APPROVED	SPI	USE,IMPLEMENT	RETAIN	Provider Dialects register normalized vendor keywords during construction and may filter inaccurate driver-reported words before they enter the completed set.			Phase 5	One MariaDB filtering override and twenty generated consumers were observed despite many source-level calls; retain the protected hook, document construction-only use and lowercase normalization, and add a protected bulk registration convenience.
method:org.hibernate.dialect.Dialect#registerKeywords(org.hibernate.engine.jdbc.dialect.spi.DialectResolutionInfo)	GENERAL_CAPABILITY	APPROVED	SPI	USE	RETAIN	Provider constructors which delegate through a DatabaseVersion-based family constructor need a supported convenience for importing driver-reported keywords from DialectResolutionInfo.			Phase 5	No overrides and twenty-nine provider constructor consumers were observed; retain it as a non-overridable protected convenience which dispatches each word through registerKeyword(String), and document null or empty metadata behavior.
method:org.hibernate.dialect.Dialect#addSqlHintOrComment(java.lang.String,org.hibernate.query.spi.QueryOptions,boolean)	GENERAL_CAPABILITY	APPROVED	INTERNAL		REPLACE	This broad execution-level orchestration hook exposes QueryOptions and is overridden only to reverse the relative order of a query hint and user comment.	Internal query-decoration orchestration plus a focused getQueryHintPlacement() SPI capability		Phase 5	Three PostgreSQL-family overrides and two execution consumers were observed; introduce a supported placement enum for hint-before-comment versus hint-after-comment, migrate the duplicated overrides, keep QueryOptions internal to orchestration, and add a versioned Migration Guide entry.
method:org.hibernate.dialect.Dialect#getQueryHintString(java.lang.String,java.util.List)	GENERAL_CAPABILITY	APPROVED	SPI	USE,IMPLEMENT	RETAIN	Provider Dialects render and position an ordered set of structured database hints against the complete finalized SQL statement, preserving per-hint boundaries where database syntax requires them.			Phase 5	Five overrides and four consumers were observed; retain this as the primary query-hint rendering hook, document immutable ordered input and unchanged-SQL fallback, and test list-sensitive Cockroach, HANA, and Oracle forms.
method:org.hibernate.dialect.Dialect#getQueryHintString(java.lang.String,java.lang.String)	GENERAL_CAPABILITY	APPROVED	SPI	USE,IMPLEMENT	RETAIN	Provider Dialects render a database-specific combined hint string and list-based implementations may delegate to it after applying their database's separator convention.			Phase 5	Twelve overrides and five consumers were observed, including provider super-delegation; retain the focused compatibility hook and test prefix, statement-keyword, suffix, and USE INDEX placements.
method:org.hibernate.dialect.Dialect#addUseIndexQueryHint(java.lang.String,java.lang.String)	GENERAL_CAPABILITY	APPROVED	INTERNAL		REPLACE	USE INDEX insertion is a reusable provider composition helper for a query-hint family, not state or behavior belonging to every Dialect instance.	A supported query-hint SPI utility or strategy for USE INDEX insertion		Phase 5	Five provider consumers and no overrides were observed; move the helper from Dialect into a coherent query-hint SPI package, retain USE classification there, test recognized and unchanged query shapes, and add a versioned Migration Guide entry.
method:org.hibernate.dialect.Dialect#escapeComment(java.lang.String)	GENERAL_CAPABILITY	APPROVED	INTERNAL		REPLACE	Escaping nested SQL comment delimiters is generic SQL rendering support used by translators and legacy statement builders, not database-specific Dialect behavior.	A supported SQL comment escaping utility in the engine-level SQL rendering SPI		Phase 5	Seven consumers and no overrides were observed, including a provider translator; move the static helper to a coherent SQL rendering SPI package, preserve provider USE, and migrate all callers with a versioned Migration Guide entry.
method:org.hibernate.dialect.Dialect#prependComment(java.lang.String,java.lang.String)	GENERAL_CAPABILITY	APPROVED	INTERNAL		REMOVE	This unoverridden protected helper exists only to support the broad addSqlHintOrComment() override pattern eliminated by focused placement metadata.	Internal query-decoration orchestration using the supported SQL comment escaper		Phase 5	No overrides and four orchestration consumers were observed; internalize comment insertion after migrating PostgreSQL-family ordering, and add a Migration Guide entry directing providers to the focused placement and escaping contracts.
method:org.hibernate.dialect.Dialect#transformSelectString(java.lang.String)	GENERAL_CAPABILITY	APPROVED	INTERNAL		REMOVE	No maintained Dialect customizes this legacy post-render transformation hook and its sole consumer is the legacy SimpleSelect builder.	No replacement; use the SQL AST translator or a focused query-hint renderer for supported provider variation		Phase 5	No overrides and one consumer were observed; remove the hook and direct any external database rendering variation to the supported translator or hint contracts in the versioned Migration Guide.
method:org.hibernate.dialect.Dialect#initDefaultProperties()	GENERAL_CAPABILITY	APPROVED	INTERNAL		REPLACE	This superclass-constructor callback exposes mutable Dialect state and combines invariant Hibernate defaults, typed provider defaults, and arbitrary configuration contributions in one fragile lifecycle hook.	A protected contributeDefaultProperties(Properties) SPI hook invoked once after Dialect construction against an isolated property bag		Phase 5	Five overrides and six consumers were observed; migrate all arbitrary defaults to the contribution hook, remove the overridable constructor callback, define one-time invocation and precedence, and add a versioned Migration Guide entry.
method:org.hibernate.dialect.Dialect#getDefaultProperties()	GENERAL_CAPABILITY	APPROVED	INTERNAL		RETAIN	This is an engine bootstrap snapshot accessor rather than a contract providers or application code need to call; providers should contribute defaults through the focused lifecycle hook instead of mutating returned Dialect state.			Phase 5	No overrides and nine consumers were observed, including five uses from current initialization overrides; retain the engine accessor as internal, return a defensive or immutable completed snapshot, and remove provider mutation through this method.
method:org.hibernate.dialect.Dialect#getDefaultStatementBatchSize()	GENERAL_CAPABILITY	APPROVED	INTERNAL		REPLACE	This typed method is immediately converted to the STATEMENT_BATCH_SIZE property and has no independent runtime consumer or semantics.	contributeDefaultProperties(Properties) setting STATEMENT_BATCH_SIZE		Phase 5	Twenty-two overrides and one initialization consumer were observed; migrate values to the unified contribution hook, preserve application-setting precedence over Dialect defaults, and add a versioned Migration Guide entry.
method:org.hibernate.dialect.Dialect#getDefaultNonContextualLobCreation()	GENERAL_CAPABILITY	APPROVED	INTERNAL		REPLACE	This typed method is immediately converted to the NON_CONTEXTUAL_LOB_CREATION property and has no independent runtime consumer.	contributeDefaultProperties(Properties) setting NON_CONTEXTUAL_LOB_CREATION		Phase 5	Seven overrides and one initialization consumer were observed; migrate values to the unified contribution hook and preserve explicit application override precedence.
method:org.hibernate.dialect.Dialect#getDefaultUseGetGeneratedKeys()	GENERAL_CAPABILITY	APPROVED	INTERNAL		REPLACE	This typed method is immediately converted to the USE_GET_GENERATED_KEYS property and has no independent runtime consumer.	contributeDefaultProperties(Properties) setting USE_GET_GENERATED_KEYS		Phase 5	Six overrides and one initialization consumer were observed; migrate values to the unified contribution hook and preserve explicit application override precedence.
method:org.hibernate.dialect.Dialect#defaultScrollMode()	GENERAL_CAPABILITY	APPROVED	SPI	USE,IMPLEMENT,SUPPLY	RETAIN	Provider Dialects supply the safest default JDBC result-set scrolling mode for their driver and family implementations may delegate the standard choice.			Phase 5	Six overrides and two consumers were observed, including provider super-delegation; retain the directly consumed typed capability and cover insensitive, sensitive, and forward-only defaults.
method:org.hibernate.dialect.Dialect#isJdbcLogWarningsEnabledByDefault()	GENERAL_CAPABILITY	APPROVED	SPI	IMPLEMENT,SUPPLY	RETAIN	Provider Dialects declare whether JDBC warnings should be logged by default when driver behavior makes warning retrieval useful or excessively noisy.			Phase 5	Three MySQL-family overrides and one environment consumer were observed; retain the directly consumed capability and preserve explicit configuration precedence in tests.
method:org.hibernate.dialect.Dialect#getDefaultDecimalPrecision()	GENERAL_CAPABILITY	APPROVED	INTERNAL		REPLACE	Default exact-numeric precision is one immutable dimension of the database's type-sizing limits and should be supplied coherently with the related precision, length, and capacity values.	getTypeSizingProfile() returning a supported immutable TypeSizingProfile		Phase 5	Fourteen overrides and eight consumers were observed, including provider translators; migrate the scalar into the profile, preserve provider read access, and add a versioned Migration Guide entry.
method:org.hibernate.dialect.Dialect#getDefaultTimestampPrecision()	GENERAL_CAPABILITY	APPROVED	INTERNAL		REPLACE	Default timestamp fractional precision is one immutable dimension of the database's type-sizing limits and is distinct from the native unit used for temporal arithmetic.	getTypeSizingProfile() returning a supported immutable TypeSizingProfile		Phase 5	Eleven overrides and twelve consumers were observed; migrate the scalar into the profile, document digits-of-fraction semantics, and retain provider read access through the profile.
method:org.hibernate.dialect.Dialect#getDefaultIntervalSecondScale()	GENERAL_CAPABILITY	APPROVED	INTERNAL		REPLACE	Default interval-second scale is one immutable dimension of the database's type-sizing limits and should be composed with the other default precisions.	getTypeSizingProfile() returning a supported immutable TypeSizingProfile		Phase 5	Five overrides and one consumer were observed; migrate the scalar into the profile and document its relationship to Duration nanosecond resolution.
method:org.hibernate.dialect.Dialect#getDefaultLobLength()	GENERAL_CAPABILITY	APPROVED	INTERNAL		REPLACE	Default generated LOB length is one immutable dimension of the database's type-sizing limits and is consumed by sizing strategies rather than representing a separate behavior family.	getTypeSizingProfile() returning a supported immutable TypeSizingProfile		Phase 5	Six overrides and eight consumers were observed, mostly provider SizeStrategy implementations; migrate the value into the profile and preserve provider USE from supported sizing strategies.
method:org.hibernate.dialect.Dialect#getFloatPrecision()	GENERAL_CAPABILITY	APPROVED	INTERNAL		REPLACE	The database precision representing Java float is one immutable type-sizing dimension and should be supplied with double and exact-numeric precision.	getTypeSizingProfile() returning a supported immutable TypeSizingProfile		Phase 5	Ten overrides and four consumers were observed; migrate the scalar into the profile and document whether the database interprets it in binary or decimal digits.
method:org.hibernate.dialect.Dialect#getDoublePrecision()	GENERAL_CAPABILITY	APPROVED	INTERNAL		REPLACE	The database precision representing Java double is one immutable type-sizing dimension and should be supplied with float and exact-numeric precision.	getTypeSizingProfile() returning a supported immutable TypeSizingProfile		Phase 5	Five overrides and two consumers were observed; migrate the scalar into the profile and document whether the database interprets it in binary or decimal digits.
method:org.hibernate.dialect.Dialect#getMaxVarcharLength()	GENERAL_CAPABILITY	APPROVED	INTERNAL		REPLACE	The maximum parameter accepted by a VARCHAR-like type is one member of a coherent character and binary length/capacity profile.	getTypeSizingProfile() returning a supported immutable TypeSizingProfile		Phase 5	Thirty-two overrides and nineteen consumers were observed, including provider type registration; migrate the scalar into the profile, preserve provider USE, and distinguish parameter limit from physical capacity.
method:org.hibernate.dialect.Dialect#getMaxNVarcharLength()	GENERAL_CAPABILITY	APPROVED	INTERNAL		REPLACE	The maximum parameter accepted by an NVARCHAR-like type is one member of a coherent character and binary length/capacity profile.	getTypeSizingProfile() returning a supported immutable TypeSizingProfile		Phase 5	Six overrides and thirteen consumers were observed; migrate the scalar into the profile, preserve inheritance from the VARCHAR value as a stock default, and document character rather than byte units.
method:org.hibernate.dialect.Dialect#getMaxVarbinaryLength()	GENERAL_CAPABILITY	APPROVED	INTERNAL		REPLACE	The maximum parameter accepted by a VARBINARY-like type is one member of a coherent character and binary length/capacity profile.	getTypeSizingProfile() returning a supported immutable TypeSizingProfile		Phase 5	Twenty-two overrides and fourteen consumers were observed, including provider type registration; migrate the scalar into the profile and document byte-length units.
method:org.hibernate.dialect.Dialect#getMaxVarcharCapacity()	GENERAL_CAPABILITY	APPROVED	INTERNAL		REPLACE	The physical capacity of a VARCHAR-like column is related to but may exceed its maximum parameterized type length, making it a validated member of the sizing profile.	getTypeSizingProfile() returning a supported immutable TypeSizingProfile		Phase 5	Five overrides and two consumers were observed; migrate the scalar into the profile and validate capacity is not less than the corresponding parameter limit.
method:org.hibernate.dialect.Dialect#getMaxNVarcharCapacity()	GENERAL_CAPABILITY	APPROVED	INTERNAL		REPLACE	The physical capacity of an NVARCHAR-like column is a derived-by-default but independently representable member of the sizing profile.	getTypeSizingProfile() returning a supported immutable TypeSizingProfile		Phase 5	No overrides and two consumers were observed; migrate the scalar into the profile, default it from max NVARCHAR length, and make profile customization available without retaining another Dialect hook.
method:org.hibernate.dialect.Dialect#getMaxVarbinaryCapacity()	GENERAL_CAPABILITY	APPROVED	INTERNAL		REPLACE	The physical capacity of a VARBINARY-like column is a derived-by-default but independently representable member of the sizing profile.	getTypeSizingProfile() returning a supported immutable TypeSizingProfile		Phase 5	No overrides and one consumer were observed; migrate the scalar into the profile, default it from max VARBINARY length, and make profile customization available without retaining another Dialect hook.
method:org.hibernate.dialect.Dialect#getFractionalSecondPrecisionInNanos()	GENERAL_CAPABILITY	APPROVED	SPI	USE,IMPLEMENT,SUPPLY	RETAIN	Provider Dialects supply and provider translators consume the native temporal-arithmetic unit expressed as a number of nanoseconds, which is semantic behavior rather than a column-sizing default.			Phase 4	Twenty-five overrides and one generated consumer were observed; retain the focused capability, require a positive power-of-ten-compatible unit where applicable, and test consistency with timestamp arithmetic patterns.
method:org.hibernate.dialect.Dialect#useMaterializedLobWhenCapacityExceeded()	GENERAL_CAPABILITY	APPROVED	SPI	USE,IMPLEMENT,SUPPLY	RETAIN	Provider Dialects decide whether mappings exceeding inline character or binary capacity should switch to materialized LOB JDBC types, independently of the numeric capacity limits themselves.			Phase 5	Six overrides and three consumers were observed; retain the focused policy capability, document its default relationship to supportsMaterializedLobAccess(), and test both promotion and no-promotion behavior.
method:org.hibernate.dialect.Dialect#supportsExpectedLobUsagePattern()	GENERAL_CAPABILITY	APPROVED	INTERNAL		REMOVE	No Hibernate behavior consults this historical, vaguely defined driver capability, and its semantics overlap several now-focused LOB creation, binding, and materialization contracts.	The focused LOB creation, binding, materialized-access, and value-access contracts		Phase 5	Five overrides and no consumers were observed; remove the dead hook and its overrides, and add a versioned Migration Guide entry naming the effective replacement contracts.
method:org.hibernate.dialect.Dialect#supportsLobValueChangePropagation()	GENERAL_CAPABILITY	APPROVED	INTERNAL		REMOVE	Hibernate no longer branches on in-place locator mutation propagation and the method's own documentation identifies JDBC metadata rather than Dialect as the likely authority.	No Dialect replacement; use JDBC locator update/copy behavior where a future consumer requires it		Phase 5	Twenty-five overrides and no consumers were observed; remove the disconnected hook and add a versioned Migration Guide entry explaining that replacing a LOB value remains the supported persistence path.
method:org.hibernate.dialect.Dialect#supportsUnboundedLobLocatorMaterialization()	GENERAL_CAPABILITY	APPROVED	INTERNAL		REMOVE	No Hibernate behavior consults this historical locator-lifetime capability, and actual materialization is controlled by active LOB creator and JDBC access paths.	The active LOB creation and materialized-access contracts		Phase 5	Eleven overrides and no consumers were observed; remove the dead hook and its overrides, and add a versioned Migration Guide entry.
method:org.hibernate.dialect.Dialect#supportsJdbcConnectionLobCreation(java.sql.DatabaseMetaData)	GENERAL_CAPABILITY	APPROVED	SPI	IMPLEMENT,SUPPLY	RETAIN	Provider Dialects evaluate database and driver metadata to determine whether JDBC Connection LOB factories are usable for contextual creation.			Phase 5	Six overrides and one consumer were observed; retain the metadata-dependent focused capability, document nullable metadata expectations, and test supported and rejected driver-version paths.
method:org.hibernate.dialect.Dialect#useInputStreamToInsertBlob()	GENERAL_CAPABILITY	APPROVED	SPI	USE,IMPLEMENT,SUPPLY	RETAIN	Provider Dialects select stream versus materialized LOB binding according to driver semantics and runtime Dialect state, and provider JDBC support may consume the same choice.			Phase 5	Ten overrides and three consumers were observed; retain the focused binding capability and test stream, materialized, and Oracle application-continuity behavior.
method:org.hibernate.dialect.Dialect#useConnectionToCreateLob()	GENERAL_CAPABILITY	APPROVED	SPI	IMPLEMENT,SUPPLY	RETAIN	Provider Dialects independently declare whether contextual LOB creators must use JDBC Connection factory methods instead of Hibernate locator implementations.			Phase 5	Nine overrides and two consumers were observed; retain this independently configurable creation capability despite its inherited default being derived from stream binding, and test all meaningful combinations.
method:org.hibernate.dialect.Dialect#supportsMaterializedLobAccess()	GENERAL_CAPABILITY	APPROVED	SPI	USE,IMPLEMENT,SUPPLY	RETAIN	Provider Dialects declare whether their drivers support materialized byte and string APIs for LOB values, controlling type registration and capacity-driven promotion policy.			Phase 5	Three PostgreSQL-family overrides and two consumers were observed; retain the focused access capability and test materialized JDBC descriptor registration and its policy interaction.
method:org.hibernate.dialect.Dialect#forceLobAsLastValue()	GENERAL_CAPABILITY	APPROVED	SPI	IMPLEMENT,SUPPLY	RETAIN	Provider Dialects declare whether LOB assignments must be ordered after all other values in insert and update statements.			Phase 5	Two Oracle overrides and two mutation-builder consumers were observed; retain the focused DML-ordering capability and test insert and update assignment order.
method:org.hibernate.dialect.Dialect#isLob(int)	GENERAL_CAPABILITY	APPROVED	SPI	USE,IMPLEMENT	RETAIN	Provider Dialects classify JDBC and extended SqlTypes codes as locator-oriented LOBs while registering database-specific DDL and JDBC types, and may delegate standard codes to the inherited classification.			Phase 5	Three PostgreSQL-family overrides and nine consumers were observed, including provider type registration and super-delegation; retain the protected type-classification hook and document the supported type-code domain.
method:org.hibernate.dialect.Dialect#supportsValueLOBAccess()	GENERAL_CAPABILITY	APPROVED	INTERNAL		REMOVE	A separate Boolean duplicates whether the database supplies a VALUE LOB DDL fragment and permits contradictory support and rendering results.	A non-null result from getValueLOBFragmentForExtraCreateTableInfo(String)		Phase 5	One Oracle override and three consumers were observed; make the nullable fragment the sole support signal, migrate the consumers, and add a versioned Migration Guide entry.
method:org.hibernate.dialect.Dialect#getValueLOBFragmentForExtraCreateTableInfo(java.lang.String)	GENERAL_CAPABILITY	APPROVED	SPI	IMPLEMENT	RETAIN	Provider Dialects render the column-specific extra CREATE TABLE fragment for VALUE LOB access or return null when the feature is unsupported.			Phase 5	One Oracle override and three JDBC type consumers were observed; retain the focused renderer, replace the inherited empty String with a nullable unsupported result, and test both absent and Oracle VALUE LOB forms.
method:org.hibernate.dialect.Dialect#supportsForUpdate()	GENERAL_CAPABILITY	APPROVED	INTERNAL		REMOVE	This deprecated Boolean bridge duplicates pessimistic-lock style metadata and has no remaining overrides or consumers.	getLockingSupport().getMetadata().getPessimisticLockStyle()		Phase 5	Remove the bridge after migrating any compatibility tests, and add a versioned Migration Guide entry directing providers to LockingSupport.Metadata.
method:org.hibernate.dialect.Dialect#supportsSkipLocked()	GENERAL_CAPABILITY	APPROVED	INTERNAL		REMOVE	This deprecated Boolean bridge duplicates timeout-specific locking metadata and cannot express whether SKIP LOCKED is implemented in the query or through another mechanism.	getLockingSupport().getMetadata().getLockTimeoutType(Timeouts.SKIP_LOCKED)		Phase 5	One community override and legacy rendering consumers were observed; migrate them with the locking-rendering family and add a versioned Migration Guide entry.
method:org.hibernate.dialect.Dialect#supportsNoWait()	GENERAL_CAPABILITY	APPROVED	INTERNAL		REMOVE	This deprecated Boolean bridge duplicates timeout-specific locking metadata and cannot express whether NO WAIT is implemented in the query or through another mechanism.	getLockingSupport().getMetadata().getLockTimeoutType(Timeouts.NO_WAIT)		Phase 5	One community override and legacy rendering consumers were observed; migrate them with the locking-rendering family and add a versioned Migration Guide entry.
method:org.hibernate.dialect.Dialect#supportsWait()	GENERAL_CAPABILITY	APPROVED	INTERNAL		REMOVE	This deprecated Boolean bridge duplicates timeout-specific locking metadata and collapses finite wait support into an imprecise yes-or-no answer.	getLockingSupport().getMetadata().getLockTimeoutType(Timeout)		Phase 5	One community override and legacy rendering consumers were observed; migrate them with the locking-rendering family and add a versioned Migration Guide entry.
method:org.hibernate.dialect.Dialect#getPessimisticLockStyle()	GENERAL_CAPABILITY	APPROVED	INTERNAL		REMOVE	This deprecated Dialect-level getter is a pass-through to the supported locking metadata contract.	getLockingSupport().getMetadata().getPessimisticLockStyle()		Phase 5	Migrate internal consumers to LockingSupport.Metadata and add a versioned Migration Guide entry.
method:org.hibernate.dialect.Dialect#supportsOuterJoinForUpdate()	GENERAL_CAPABILITY	APPROVED	INTERNAL		REMOVE	This deprecated Boolean bridge loses the distinction between full, identified-row, and unsupported outer-join locking already represented by locking metadata.	getLockingSupport().getMetadata().getOuterJoinLockingType()		Phase 5	Two community overrides and three internal consumers were observed; migrate each concrete outcome to OuterJoinLockingType and add a versioned Migration Guide entry.
method:org.hibernate.dialect.Dialect#supportsLockTimeouts()	GENERAL_CAPABILITY	APPROVED	INTERNAL		REMOVE	This deprecated Boolean bridge tests one arbitrary finite timeout and duplicates the timeout-specific locking metadata contract.	getLockingSupport().getMetadata().getLockTimeoutType(Timeout)		Phase 5	One community override was observed; migrate it and internal callers to LockingSupport.Metadata and add a versioned Migration Guide entry.
method:org.hibernate.dialect.Dialect#getLockRowIdentifier(org.hibernate.LockMode)	GENERAL_CAPABILITY	APPROVED	INTERNAL		REMOVE	This for-removal method is explicitly unused and merely maps a lock mode to the read or write row-lock strategy already supplied by locking metadata.	getLockingSupport().getMetadata().getReadRowLockStrategy() or getWriteRowLockStrategy()		Phase 5	No overrides or consumers were observed; remove it together with the already-approved Dialect-level row-strategy bridges and add a versioned Migration Guide entry.
method:org.hibernate.dialect.Dialect#getForUpdateString()	GENERAL_CAPABILITY	APPROVED	INTERNAL		REPLACE	A scalar FOR UPDATE fragment hook is one branch of a coherent locking-clause rendering operation and cannot represent lock kind, timeout, or lock targets together.	A supported LockingClauseRenderer composed into LockingSupport and consumed by the standard LockingClauseStrategy		Phase 5	Migrate provider overrides and provider consumers to the renderer or an appropriate locking-strategy family, then add a versioned Migration Guide entry.
method:org.hibernate.dialect.Dialect#getForUpdateString(jakarta.persistence.Timeout)	GENERAL_CAPABILITY	APPROVED	INTERNAL		REPLACE	A timeout-only fragment hook duplicates timeout interpretation and participates in the legacy locking-rendering overload matrix.	A supported LockingClauseRenderer request carrying lock kind, Timeout, and immutable lock targets		Phase 5	The renderer must distinguish unsupported, no-wait, skip-locked, finite-wait, and wait-forever outcomes consistently with LockingSupport.Metadata.
method:org.hibernate.dialect.Dialect#getForUpdateString(org.hibernate.LockMode)	GENERAL_CAPABILITY	APPROVED	INTERNAL		REPLACE	A lock-mode-only fragment hook converts an execution lock mode into one branch of the same clause-rendering decision handled by the standard locking strategy.	A supported LockingClauseRenderer request carrying a focused pessimistic lock kind		Phase 5	Do not expose the full execution LockMode vocabulary where the renderer only requires share, update, or no-lock semantics.
method:org.hibernate.dialect.Dialect#getForUpdateString(org.hibernate.LockMode,int)	GENERAL_CAPABILITY	APPROVED	INTERNAL		REMOVE	This deprecated primitive-timeout compatibility overload duplicates the typed timeout rendering path.	The supported LockingClauseRenderer using jakarta.persistence.Timeout		Phase 5	Migrate remaining overrides while introducing the renderer and add a versioned Migration Guide entry.
method:org.hibernate.dialect.Dialect#getForUpdateString(org.hibernate.LockMode,jakarta.persistence.Timeout)	GENERAL_CAPABILITY	APPROVED	INTERNAL		REPLACE	This orchestration overload selects read, write, no-wait, and skip-locked fragments through other Dialect methods instead of representing one rendering request.	A supported LockingClauseRenderer request carrying lock kind, Timeout, and immutable lock targets		Phase 5	Centralize lock-kind and timeout handling in the renderer and verify consistency with LockingSupport.Metadata.
method:org.hibernate.dialect.Dialect#getForUpdateString(org.hibernate.LockOptions)	GENERAL_CAPABILITY	APPROVED	INTERNAL		REPLACE	Passing broad execution LockOptions to a SQL-fragment hook exposes more context than clause rendering needs and still omits structured lock targets.	A supported LockingClauseRenderer request carrying only the required supported values		Phase 5	Keep LockOptions in internal orchestration and translate it to the focused renderer request.
method:org.hibernate.dialect.Dialect#getForUpdateString(java.lang.String)	GENERAL_CAPABILITY	APPROVED	INTERNAL		REPLACE	An unstructured alias fragment cannot distinguish table aliases from column references and is one branch of the legacy overload matrix.	A supported LockingClauseRenderer request carrying immutable structured lock targets		Phase 5	The standard LockingClauseStrategy should collect and validate targets before invoking the renderer.
method:org.hibernate.dialect.Dialect#getForUpdateString(java.lang.String,org.hibernate.LockOptions)	GENERAL_CAPABILITY	APPROVED	INTERNAL		REPLACE	Combining an unstructured alias String with broad LockOptions duplicates orchestration already performed by LockingClauseStrategy.	A supported LockingClauseRenderer request carrying lock kind, Timeout, and immutable structured lock targets		Phase 5	Migrate provider overrides to the renderer or a database-family LockingClauseStrategy and add a versioned Migration Guide entry.
method:org.hibernate.dialect.Dialect#getForUpdateNowaitString()	GENERAL_CAPABILITY	APPROVED	INTERNAL		REPLACE	A dedicated no-wait string hook encodes one timeout variant as a separate overridable method and contributes to contradictory metadata and rendering outcomes.	A supported LockingClauseRenderer invoked with Timeouts.NO_WAIT		Phase 5	Migrate provider overrides and validate the renderer outcome against LockingSupport.Metadata.
method:org.hibernate.dialect.Dialect#getForUpdateNowaitString(java.lang.String)	GENERAL_CAPABILITY	APPROVED	INTERNAL		REPLACE	A dedicated alias-plus-no-wait hook is another Cartesian-product overload of the same rendering operation.	A supported LockingClauseRenderer request carrying Timeouts.NO_WAIT and immutable lock targets		Phase 5	Migrate provider overrides to the focused renderer or a locking-strategy family.
method:org.hibernate.dialect.Dialect#getForUpdateSkipLockedString()	GENERAL_CAPABILITY	APPROVED	INTERNAL		REPLACE	A dedicated skip-locked string hook encodes one timeout variant as a separate overridable method and contributes to contradictory metadata and rendering outcomes.	A supported LockingClauseRenderer invoked with Timeouts.SKIP_LOCKED		Phase 5	Migrate provider overrides and validate the renderer outcome against LockingSupport.Metadata.
method:org.hibernate.dialect.Dialect#getForUpdateSkipLockedString(java.lang.String)	GENERAL_CAPABILITY	APPROVED	INTERNAL		REPLACE	A dedicated alias-plus-skip-locked hook is another Cartesian-product overload of the same rendering operation.	A supported LockingClauseRenderer request carrying Timeouts.SKIP_LOCKED and immutable lock targets		Phase 5	Migrate provider overrides to the focused renderer or a locking-strategy family.
method:org.hibernate.dialect.Dialect#getReadLockString(int)	GENERAL_CAPABILITY	APPROVED	INTERNAL		REMOVE	This deprecated primitive-timeout read-lock overload duplicates the typed timeout rendering path.	The supported LockingClauseRenderer using a share lock kind and jakarta.persistence.Timeout		Phase 5	Migrate remaining overrides while introducing the renderer and add a versioned Migration Guide entry.
method:org.hibernate.dialect.Dialect#getReadLockString(jakarta.persistence.Timeout)	GENERAL_CAPABILITY	APPROVED	INTERNAL		REPLACE	Read-lock clause syntax is one lock-kind branch of a coherent rendering operation rather than an independent Dialect capability.	A supported LockingClauseRenderer request carrying share lock kind and Timeout		Phase 5	The standard renderer may delegate shared syntax to update syntax, while database families can compose a distinct share template.
method:org.hibernate.dialect.Dialect#getReadLockString(java.lang.String,int)	GENERAL_CAPABILITY	APPROVED	INTERNAL		REMOVE	This deprecated primitive-timeout and unstructured-target overload duplicates the typed structured rendering path.	The supported LockingClauseRenderer using a share lock kind, Timeout, and immutable lock targets		Phase 5	Migrate remaining overrides while introducing the renderer and add a versioned Migration Guide entry.
method:org.hibernate.dialect.Dialect#getReadLockString(java.lang.String,jakarta.persistence.Timeout)	GENERAL_CAPABILITY	APPROVED	INTERNAL		REPLACE	Read-lock syntax with an unstructured alias String is one combination in the legacy overload matrix.	A supported LockingClauseRenderer request carrying share lock kind, Timeout, and immutable structured lock targets		Phase 5	The standard LockingClauseStrategy should collect targets and invoke the renderer once.
method:org.hibernate.dialect.Dialect#getWriteLockString(int)	GENERAL_CAPABILITY	APPROVED	INTERNAL		REMOVE	This deprecated primitive-timeout write-lock overload duplicates the typed timeout rendering path.	The supported LockingClauseRenderer using an update lock kind and jakarta.persistence.Timeout		Phase 5	Migrate remaining overrides while introducing the renderer and add a versioned Migration Guide entry.
method:org.hibernate.dialect.Dialect#getWriteLockString(jakarta.persistence.Timeout)	GENERAL_CAPABILITY	APPROVED	INTERNAL		REPLACE	Write-lock clause syntax is one lock-kind branch of a coherent rendering operation rather than an independent Dialect capability.	A supported LockingClauseRenderer request carrying update lock kind and Timeout		Phase 5	Centralize timeout selection in the renderer and validate it against LockingSupport.Metadata.
method:org.hibernate.dialect.Dialect#getWriteLockString(java.lang.String,int)	GENERAL_CAPABILITY	APPROVED	INTERNAL		REMOVE	This deprecated primitive-timeout and unstructured-target overload duplicates the typed structured rendering path.	The supported LockingClauseRenderer using an update lock kind, Timeout, and immutable lock targets		Phase 5	Migrate remaining overrides while introducing the renderer and add a versioned Migration Guide entry.
method:org.hibernate.dialect.Dialect#getWriteLockString(java.lang.String,jakarta.persistence.Timeout)	GENERAL_CAPABILITY	APPROVED	INTERNAL		REPLACE	Write-lock syntax with an unstructured alias String is one combination in the legacy overload matrix.	A supported LockingClauseRenderer request carrying update lock kind, Timeout, and immutable structured lock targets		Phase 5	The standard LockingClauseStrategy should collect targets and invoke the renderer once.
method:org.hibernate.dialect.Dialect#appendLockHint(org.hibernate.LockOptions,java.lang.String)	GENERAL_CAPABILITY	APPROVED	INTERNAL		REPLACE	Table-reference locking is a supported database variation, but this String decorator accepts broad execution LockOptions and is split from the SQL AST locking-strategy lifecycle.	A supported TableLockHintRenderer composed into LockingSupport with a focused lock-kind, Timeout, and table-reference request		Phase 5	Five maintained or community overrides and three engine consumers were observed; reuse the renderer from SQL AST translators and legacy statement builders, preserve family composition, and add a versioned Migration Guide entry.
method:org.hibernate.dialect.Dialect#applyLocksToSql(java.lang.String,org.hibernate.LockOptions,java.util.Map)	GENERAL_CAPABILITY	APPROVED	INTERNAL		REPLACE	Rewriting a completed SQL String is a legacy and native-SQL fallback concern whose broad map-based contract should not remain a method every Dialect inherits.	A supported LockingSqlRewriter strategy composed into LockingSupport and given a focused immutable request		Phase 5	Three maintained or community overrides and three engine consumers were observed; the default rewriter may compose the clause and table-hint renderers, custom providers may supply a specialized rewriter, and a versioned Migration Guide entry is required.
method:org.hibernate.dialect.Dialect#useFollowOnLocking(java.lang.String,org.hibernate.query.spi.QueryOptions)	GENERAL_CAPABILITY	APPROVED	INTERNAL		REPLACE	Choosing follow-on locking is a genuine database policy, but the current method exposes broad query-execution SPI and an ad hoc raw-SQL pair instead of a stable locking contract.	A supported FollowOnLockingPolicy composed into LockingSupport and invoked with an immutable FollowOnLockingRequest		Phase 5	Three overrides and one engine consumer were observed; the request should carry finalized SQL, known statement-shape and pagination or offset facts, and focused lock kind, timeout, and scope values without exposing QueryOptions; add a versioned Migration Guide entry.
method:org.hibernate.dialect.Dialect#doesReadCommittedCauseWritersToBlockReaders()	GENERAL_CAPABILITY	APPROVED	INTERNAL		REMOVE	This transaction-isolation characteristic does not influence ORM runtime behavior and is consumed only by hibernate-testing feature checks; it may also vary with database configuration rather than Dialect identity alone.	A test-side environment capability or behavioral probe in the Dialect compatibility test kit		Phase 6	Fifteen overrides and no production consumers were observed; remove the production Dialect hook, migrate Hibernate tests to test-side capability evidence, and add a versioned Migration Guide entry for provider test suites.
method:org.hibernate.dialect.Dialect#doesRepeatableReadCauseReadersToBlockWriters()	GENERAL_CAPABILITY	APPROVED	INTERNAL		REMOVE	This transaction-isolation characteristic does not influence ORM runtime behavior and is consumed only by hibernate-testing feature checks; it may also vary with database configuration rather than Dialect identity alone.	A test-side environment capability or behavioral probe in the Dialect compatibility test kit		Phase 6	Eight overrides and no production consumers were observed; remove the production Dialect hook, migrate Hibernate tests to test-side capability evidence, and add a versioned Migration Guide entry for provider test suites.
method:org.hibernate.dialect.Dialect#registerResultSetOutParameter(java.sql.CallableStatement,int)	GENERAL_CAPABILITY	APPROVED	INTERNAL		REPLACE	Positional REF_CURSOR registration is driver access behavior already represented by the RefCursorSupport service and should not remain one of several independent Dialect callbacks.	A provider-supplied RefCursorSupport strategy or supported construction factory		Phase 5	Twenty overrides and one fallback-service consumer were observed; migrate custom registrations to the coherent strategy, preserve SQLException conversion at the service boundary, and add a versioned Migration Guide entry.
method:org.hibernate.dialect.Dialect#registerResultSetOutParameter(java.sql.CallableStatement,java.lang.String)	GENERAL_CAPABILITY	APPROVED	INTERNAL		REPLACE	Named REF_CURSOR registration is the named-parameter branch of the same driver access strategy rather than an independent Dialect capability.	A provider-supplied RefCursorSupport strategy or supported construction factory		Phase 5	Six overrides and one fallback-service consumer were observed; the strategy must define named-parameter support explicitly and add a versioned Migration Guide entry.
method:org.hibernate.dialect.Dialect#getResultSet(java.sql.CallableStatement,int)	GENERAL_CAPABILITY	APPROVED	INTERNAL		REPLACE	Extracting a positional REF_CURSOR is paired with its registration operation and already belongs to the RefCursorSupport service boundary.	A provider-supplied RefCursorSupport strategy or supported construction factory		Phase 5	Seven overrides and one fallback-service consumer were observed; migrate them with positional registration and preserve JDBC exception conversion.
method:org.hibernate.dialect.Dialect#getResultSet(java.sql.CallableStatement,java.lang.String)	GENERAL_CAPABILITY	APPROVED	INTERNAL		REPLACE	Extracting a named REF_CURSOR is paired with its registration operation and already belongs to the RefCursorSupport service boundary.	A provider-supplied RefCursorSupport strategy or supported construction factory		Phase 5	Seven overrides and one fallback-service consumer were observed; migrate them with named registration and preserve JDBC exception conversion.
method:org.hibernate.dialect.Dialect#getResultSet(java.sql.CallableStatement)	GENERAL_CAPABILITY	APPROVED	INTERNAL		REMOVE	This positionless stored-procedure ResultSet extraction callback has fifteen overrides but no remaining consumer and is not part of the active RefCursorSupport contract.	No replacement; use the positional or named RefCursorSupport extraction operations		Phase 5	Remove the dead overrides and add a versioned Migration Guide entry identifying the active ref-cursor strategy.
method:org.hibernate.dialect.Dialect#supportsRefCursors()	GENERAL_CAPABILITY	APPROVED	INTERNAL		REPLACE	A nullable Boolean selects between standard JDBC and Dialect fallback behavior but cannot identify the actual registration and extraction strategy that must be used.	A single provider-selected RefCursorSupport factory or strategy representing metadata-selected JDBC standard, forced JDBC standard, unsupported, or custom behavior		Phase 5	Two overrides and one service-initiator consumer were observed; migrate existing fallback callbacks into custom strategies, preserve a metadata-selected default, provide supported construction facilities, and add a versioned Migration Guide entry.
method:org.hibernate.dialect.Dialect#supportsBatchUpdates()	GENERAL_CAPABILITY	APPROVED	SPI	IMPLEMENT,SUPPLY	RETAIN	A provider may need to force or prohibit JDBC batching when driver metadata is inaccurate, while null deliberately delegates the decision to extracted metadata.			Phase 5	No in-tree overrides and one bootstrap consumer were observed; retain the tri-state metadata-override contract, document true, false, and null precisely, and test Dialect precedence over metadata.
method:org.hibernate.dialect.Dialect#supportsNamedParameters(java.sql.DatabaseMetaData)	GENERAL_CAPABILITY	APPROVED	SPI	USE,IMPLEMENT,SUPPLY	RETAIN	Provider Dialects need to correct or condition driver-reported named-parameter support using concrete driver metadata, and family implementations may delegate to the standard metadata answer.			Phase 5	Two Sybase-family overrides, provider super-delegation, and one metadata-extraction consumer were observed; retain the focused correction hook and define null metadata and SQLException behavior.
method:org.hibernate.dialect.Dialect#supportsNationalizedMethods()	GENERAL_CAPABILITY	APPROVED	SPI	USE,IMPLEMENT,SUPPLY	RETAIN	Provider Dialects declare whether their JDBC driver correctly implements the nationalized String, LOB, and stream methods used by Hibernate and provider JDBC types.			Phase 5	Four overrides and sixty-seven consumers were observed; retain the focused driver capability, preserve provider read access, and cover nationalized bind, null-bind, and extraction fallbacks.
method:org.hibernate.dialect.Dialect#supportsBindAsCallableArgument()	GENERAL_CAPABILITY	APPROVED	INTERNAL		REMOVE	No Hibernate behavior consults this callable-argument capability, so its sole provider override cannot affect procedure or function execution.	No replacement; use CallableStatementSupport if a concrete callable binding variation is required		Phase 5	One community override and no consumers were observed; remove the dead hook and add a versioned Migration Guide entry.
method:org.hibernate.dialect.Dialect#supportsResultSetPositionQueryMethodsOnForwardOnlyCursor()	GENERAL_CAPABILITY	APPROVED	INTERNAL		REMOVE	This forward-only cursor characteristic does not affect ORM runtime behavior and is consumed only by hibernate-testing feature checks.	A test-side environment capability or behavioral probe in the Dialect compatibility test kit		Phase 6	Seven overrides and no production consumers were observed; remove the production Dialect hook, migrate tests to test-side evidence, and add a versioned Migration Guide entry for provider test suites.
method:org.hibernate.dialect.Dialect#supportsInsertReturning()	GENERAL_CAPABILITY	APPROVED	INTERNAL		REPLACE	Native INSERT RETURNING support is one dimension of the generated-values retrieval capability matrix and supplies defaults for update and ROWID returning.	An immutable supported GeneratedValuesSupport profile supplied by the Dialect		Phase 5	Seven overrides and seven consumers were observed; preserve provider configuration through the profile, validate dependent capabilities, and add a versioned Migration Guide entry.
method:org.hibernate.dialect.Dialect#supportsUpdateReturning()	GENERAL_CAPABILITY	APPROVED	INTERNAL		REPLACE	Native UPDATE RETURNING support is related to but independently variable from INSERT RETURNING and should be represented in the same generated-values profile.	GeneratedValuesSupport#supportsUpdateReturning()		Phase 5	Two overrides and one consumer were observed; default this capability from INSERT RETURNING while allowing explicit family variation.
method:org.hibernate.dialect.Dialect#supportsInsertReturningRowId()	GENERAL_CAPABILITY	APPROVED	INTERNAL		REPLACE	ROWID returning is a specialized INSERT RETURNING capability whose validity depends on the database's native generated-values mechanism.	GeneratedValuesSupport#supportsInsertReturningRowId()		Phase 5	Three overrides and three consumers were observed; validate it consistently with native INSERT RETURNING and test ROWID collection separately from ordinary generated columns.
method:org.hibernate.dialect.Dialect#supportsInsertReturningGeneratedKeys()	GENERAL_CAPABILITY	APPROVED	INTERNAL		REPLACE	JDBC getGeneratedKeys support for arbitrary generated columns is a distinct retrieval mechanism but belongs in the same coherent generated-values profile used for delegate selection.	GeneratedValuesSupport#supportsArbitraryGeneratedKeys()		Phase 5	Three overrides and three consumers were observed; distinguish arbitrary-column support from identity-only getGeneratedKeys support and test delegate selection precedence.
method:org.hibernate.dialect.Dialect#unquoteGetGeneratedKeys()	GENERAL_CAPABILITY	APPROVED	INTERNAL		REPLACE	Unquoting column names passed to prepareStatement is an option of the JDBC generated-keys mechanism, not an independent Dialect-wide capability.	GeneratedValuesSupport#unquoteGeneratedKeyColumnNames()		Phase 5	One H2 override and one consumer were observed; make the option meaningful only when arbitrary generated keys are supported and add a versioned Migration Guide entry.
method:org.hibernate.dialect.Dialect#supportsWithClause()	GENERAL_CAPABILITY	APPROVED	INTERNAL		REPLACE	Top-level WITH support is the base level of a hierarchical CTE placement capability and should not be independently configurable from subquery and nested placement.	An immutable supported CteSupport profile with a hierarchical placement level		Phase 5	Seven overrides and four consumers were observed; preserve provider configuration, reject dependent placement without base support, and add a versioned Migration Guide entry.
method:org.hibernate.dialect.Dialect#supportsWithClauseInSubquery()	GENERAL_CAPABILITY	APPROVED	INTERNAL		REPLACE	WITH in a subquery is a stronger CTE placement level whose current Boolean default and overrides can contradict top-level support.	CteSupport placement level SUBQUERY or stronger		Phase 5	Twenty overrides and four consumers were observed; migrate family variants and preserve the current default from top-level support.
method:org.hibernate.dialect.Dialect#supportsNestedWithClause()	GENERAL_CAPABILITY	APPROVED	INTERNAL		REPLACE	WITH inside another CTE is the strongest placement level and necessarily depends on subquery placement.	CteSupport placement level NESTED		Phase 5	Three overrides and one consumer were observed; validate the placement hierarchy and test translator inlining decisions.
method:org.hibernate.dialect.Dialect#supportsRecursiveCTE()	GENERAL_CAPABILITY	APPROVED	INTERNAL		REPLACE	Recursive CTE support is the prerequisite for search and cycle features and belongs in one coherent CTE feature profile.	CteSupport recursive feature set		Phase 5	Twenty-five overrides and six consumers were observed, including provider function registration; preserve provider USE through the profile and add a versioned Migration Guide entry.
method:org.hibernate.dialect.Dialect#supportsRecursiveSearchClause()	GENERAL_CAPABILITY	APPROVED	INTERNAL		REPLACE	SEARCH syntax is an optional recursive-CTE feature that must not be enabled when recursive CTEs are unavailable.	CteSupport recursive SEARCH feature		Phase 5	Five overrides and three translator consumers were observed; validate the prerequisite and test native rendering versus emulation.
method:org.hibernate.dialect.Dialect#supportsRecursiveCycleClause()	GENERAL_CAPABILITY	APPROVED	INTERNAL		REPLACE	CYCLE syntax is an optional recursive-CTE feature whose rendering and emulation decisions are coupled to other recursive capabilities.	CteSupport recursive CYCLE feature		Phase 5	Four overrides and five translator consumers were observed; validate the prerequisite and test native and emulated cycle handling.
method:org.hibernate.dialect.Dialect#supportsRecursiveCycleUsingClause()	GENERAL_CAPABILITY	APPROVED	INTERNAL		REPLACE	The CYCLE USING sub-clause is a refinement of CYCLE syntax and cannot validly be enabled independently.	CteSupport recursive CYCLE_USING feature		Phase 5	Three overrides and six consumers were observed, including provider translators; require CYCLE and recursive support and preserve provider USE through the profile.
method:org.hibernate.dialect.Dialect#supportsNonQueryWithCTE()	GENERAL_CAPABILITY	APPROVED	INTERNAL		REPLACE	CTEs attached to insert, update, and delete statements are a mutation-specific dimension of the same CTE feature family.	CteSupport mutation capability		Phase 5	Eleven overrides and two SQM mutation-strategy consumers were observed; retain strategy selection behavior and validate that WITH placement is available.
method:org.hibernate.dialect.Dialect#supportsConflictClauseForInsertCTE()	GENERAL_CAPABILITY	APPROVED	INTERNAL		REPLACE	An INSERT conflict clause inside a CTE is a refinement of non-query CTE support and should not be represented as an unrelated Boolean.	CteSupport INSERT_CONFLICT mutation feature		Phase 5	Five overrides and one mutation-handler consumer were observed; require non-query CTE support and test conflict-clause propagation.
method:org.hibernate.dialect.Dialect#supportsCteHeaderColumnList()	GENERAL_CAPABILITY	APPROVED	INTERNAL		REPLACE	CTE-header column-list syntax is an independent rendering option but belongs with the placement and recursion capabilities consumed by the same translator family.	CteSupport header-column-list option		Phase 5	Two overrides and two translator consumers were observed; preserve alias-projection fallback when disabled and test both rendering forms.
method:org.hibernate.dialect.Dialect#supportsRowConstructor()	GENERAL_CAPABILITY	APPROVED	INTERNAL		REPLACE	Explicit SQL ROW constructor support is related to row-value expression handling but independently variable and should be represented in the same focused profile.	An immutable supported RowValueSupport profile supplied by the Dialect		Phase 5	Seven overrides and one recursive-CTE emulation consumer were observed; preserve the independent option and test array-and-row cycle emulation.
method:org.hibernate.dialect.Dialect#supportsRowValueConstructorSyntax()	GENERAL_CAPABILITY	APPROVED	INTERNAL		REPLACE	Basic equality comparison of row values is the base predicate capability from which relational and distinct comparison support is derived.	RowValueSupport basic comparison capability		Phase 5	Twenty-eight overrides and five consumers were observed; preserve provider configuration, expose provider USE through the profile, and add a versioned Migration Guide entry.
method:org.hibernate.dialect.Dialect#supportsRowValueConstructorGtLtSyntax()	GENERAL_CAPABILITY	APPROVED	INTERNAL		REPLACE	Ordered row-value comparison is a refinement of basic row-value comparison and cannot be enabled coherently without it.	RowValueSupport ordered-comparison capability		Phase 5	Five overrides and one translator consumer were observed; default from basic comparison support and validate the prerequisite.
method:org.hibernate.dialect.Dialect#supportsRowValueConstructorDistinctFromSyntax()	GENERAL_CAPABILITY	APPROVED	INTERNAL		REPLACE	Row-value DISTINCT FROM syntax depends on both row-value and scalar DISTINCT FROM support and belongs with the row predicate capability matrix.	RowValueSupport distinct-comparison capability		Phase 5	Two overrides and two translator consumers were observed; preserve the derived default, allow explicit variation, and test emulation selection.
method:org.hibernate.dialect.Dialect#supportsRowValueConstructorSyntaxInInList()	GENERAL_CAPABILITY	APPROVED	INTERNAL		REPLACE	Row values in literal or parameter IN lists are one predicate context of the row-value capability family.	RowValueSupport IN_LIST context		Phase 5	Twenty-seven overrides and five consumers were observed; preserve provider configuration and test native rendering versus emulation.
method:org.hibernate.dialect.Dialect#supportsRowValueConstructorSyntaxInInSubQuery()	GENERAL_CAPABILITY	APPROVED	INTERNAL		REPLACE	Row values in IN subqueries are related to but independently variable from IN-list support and should be explicit in the same profile.	RowValueSupport IN_SUBQUERY context		Phase 5	Five overrides and two translator consumers were observed; preserve the current default from IN-list support while allowing family variation.
method:org.hibernate.dialect.Dialect#supportsRowValueConstructorSyntaxInQuantifiedPredicates()	GENERAL_CAPABILITY	APPROVED	INTERNAL		REPLACE	Row values in quantified predicates are another predicate context consumed by the same translator emulation logic.	RowValueSupport QUANTIFIED_PREDICATE context		Phase 5	Thirty-five overrides and one translator consumer were observed; preserve provider configuration and test ALL, ANY, and SOME predicate rendering.
method:org.hibernate.dialect.Dialect#supportsTupleCounts()	GENERAL_CAPABILITY	APPROVED	INTERNAL		REPLACE	Ordinary tuple-count support is one dimension of aggregate tuple rendering and is coupled to its parenthesis requirement.	An immutable supported TupleCountSupport profile supplied by the Dialect		Phase 5	Ten overrides and two consumers were observed; preserve provider configuration and add a versioned Migration Guide entry.
method:org.hibernate.dialect.Dialect#requiresParensForTupleCounts()	GENERAL_CAPABILITY	APPROVED	INTERNAL		REPLACE	The ordinary tuple-count parenthesis rule is meaningful only when ordinary tuple counting is supported.	TupleCountSupport ordinary-count syntax option		Phase 5	No overrides and one consumer were observed; encode the current derived default and reject or ignore the option when ordinary tuple counts are unsupported.
method:org.hibernate.dialect.Dialect#supportsTupleDistinctCounts()	GENERAL_CAPABILITY	APPROVED	INTERNAL		REPLACE	Distinct tuple-count support is related to but independently variable from ordinary tuple counts and has its own syntax rule.	TupleCountSupport distinct-count capability		Phase 5	Twenty overrides and one consumer were observed; preserve the current default and provider variations.
method:org.hibernate.dialect.Dialect#requiresParensForTupleDistinctCounts()	GENERAL_CAPABILITY	APPROVED	INTERNAL		REPLACE	The distinct tuple-count parenthesis rule is an option of distinct tuple-count syntax rather than an independent Dialect capability.	TupleCountSupport distinct-count syntax option		Phase 5	Seven overrides and one consumer were observed; make it meaningful only when distinct tuple counts are supported and test both syntax forms.
method:org.hibernate.dialect.Dialect#supportsUnionAll()	GENERAL_CAPABILITY	APPROVED	INTERNAL		REPLACE	UNION ALL is one member of the native set-operator capability set and is consumed by translators, union inheritance, and identifier generation.	An immutable supported SetOperationSupport profile with an explicit supported SetOperator set		Phase 5	Two overrides and five consumers were observed; preserve provider configuration and provider USE through the profile, and add a versioned Migration Guide entry.
method:org.hibernate.dialect.Dialect#supportsIntersect()	GENERAL_CAPABILITY	APPROVED	INTERNAL		REPLACE	INTERSECT support is one native set-operator capability used to select tuple and lateral emulations.	SetOperationSupport native operator set containing INTERSECT		Phase 5	Seven overrides and three translator consumers were observed; model the exact operator rather than deriving unrelated operator support from one Boolean.
method:org.hibernate.dialect.Dialect#supportsExceptAll()	GENERAL_CAPABILITY	APPROVED	INTERNAL		REPLACE	EXCEPT ALL support is one native set-operator capability and should not default indirectly from INTERSECT support.	SetOperationSupport native operator set containing EXCEPT_ALL		Phase 5	Two overrides and one full-join emulation consumer were observed; preserve explicit family variation and test native versus emulated full joins.
method:org.hibernate.dialect.Dialect#supportsUnionInSubquery()	GENERAL_CAPABILITY	APPROVED	INTERNAL		REPLACE	Set-operation placement in subqueries is stable database syntax information that belongs with operator support even though its current consumers are compatibility tests rather than runtime translation.	SetOperationSupport subquery-placement capability		Phase 5	Three overrides and no production consumers were observed; preserve it for the compatibility test kit, add translator validation or adaptation where feasible, and add a versioned Migration Guide entry.
method:org.hibernate.dialect.Dialect#supportsDuplicateSelectItemsInQueryGroup()	GENERAL_CAPABILITY	APPROVED	INTERNAL		REPLACE	Duplicate select-item restrictions apply specifically to set-operation query groups and affect wrapping and full-join emulation.	SetOperationSupport duplicate-select-item option		Phase 5	Three overrides and three translator consumers were observed; preserve provider variation and test wrapping decisions.
method:org.hibernate.dialect.Dialect#supportsSimpleQueryGrouping()	GENERAL_CAPABILITY	APPROVED	INTERNAL		REPLACE	Whether a query group accepts direct parentheses is a set-operation rendering constraint consumed alongside operator and select-item capabilities.	SetOperationSupport simple-query-grouping option		Phase 5	Seven overrides and five translator consumers were observed, including provider translators; preserve provider USE through the profile and test direct grouping versus wrapper-query rendering.
method:org.hibernate.dialect.Dialect#supportsSubqueryInSelect()	GENERAL_CAPABILITY	APPROVED	INTERNAL		REPLACE	Scalar subquery placement in the select list is stable database syntax information that belongs in a coherent subquery capability profile.	An immutable supported SubquerySupport profile supplied by the Dialect		Phase 5	One override and no production consumers were observed; preserve the capability for the compatibility test kit, add translator validation where feasible, and add a versioned Migration Guide entry.
method:org.hibernate.dialect.Dialect#supportsExistsInSelect()	GENERAL_CAPABILITY	APPROVED	INTERNAL		REPLACE	EXISTS in the select list is a specialized subquery-expression placement capability rather than an unrelated Dialect Boolean.	SubquerySupport EXISTS_IN_SELECT capability		Phase 5	Fourteen overrides and no production consumers were observed; preserve stable syntax evidence for the compatibility test kit and coordinate it with predicate-expression emulation.
method:org.hibernate.dialect.Dialect#supportsOrderByInSubquery()	GENERAL_CAPABILITY	APPROVED	INTERNAL		REPLACE	ORDER BY placement in subqueries is a stable query-shape restriction and belongs with offset and correlation capabilities.	SubquerySupport ORDER_BY capability		Phase 5	Fourteen overrides and no production consumers were observed; preserve it for compatibility testing and future translator validation or adaptation.
method:org.hibernate.dialect.Dialect#supportsOffsetInSubquery()	GENERAL_CAPABILITY	APPROVED	INTERNAL		REPLACE	OFFSET placement in subqueries actively controls pagination pushdown and is related to other subquery query-shape restrictions.	SubquerySupport OFFSET capability		Phase 5	Twenty-six overrides and two consumers were observed; preserve provider configuration and test derived-table pagination pushdown.
method:org.hibernate.dialect.Dialect#supportsNestedSubqueryCorrelation()	GENERAL_CAPABILITY	APPROVED	INTERNAL		REPLACE	Correlation across more than one subquery level is an independent subquery capability used to select lateral emulation forms.	SubquerySupport NESTED_CORRELATION capability		Phase 5	Five overrides and two translator consumers were observed; preserve provider variation and test nested versus flattened emulation.
method:org.hibernate.dialect.Dialect#supportsSubqueryOnMutatingTable()	GENERAL_CAPABILITY	APPROVED	INTERNAL		REPLACE	Referencing a mutation target from a subquery is a mutation-specific subquery restriction used by soft-delete strategy selection.	SubquerySupport MUTATION_TARGET_REFERENCE capability		Phase 5	Five overrides and one consumer were observed; preserve temporary-table fallback behavior and test self-referencing mutations.
method:org.hibernate.dialect.Dialect#supportsJoinInMutationStatementSubquery()	GENERAL_CAPABILITY	APPROVED	INTERNAL		REPLACE	Join support inside a mutation-statement subquery is a focused subquery restriction used by join emulation.	SubquerySupport MUTATION_JOIN capability		Phase 5	Four overrides and one translator consumer were observed; preserve provider variation and test the alternate WHERE-clause restriction.
method:org.hibernate.dialect.Dialect#supportsSubselectAsInPredicateLHS()	GENERAL_CAPABILITY	APPROVED	INTERNAL		REPLACE	A subselect used as the left operand of IN is a specialized predicate placement capability that belongs with other subquery contexts.	SubquerySupport IN_PREDICATE_LHS capability		Phase 5	Two overrides and no production consumers were observed; preserve stable syntax evidence for compatibility testing and future validation.
method:org.hibernate.dialect.Dialect#supportsLateral()	GENERAL_CAPABILITY	APPROVED	INTERNAL		REPLACE	LATERAL or proprietary correlated-derived-table support is a major subquery capability consumed by SQM conversion and translator emulation.	SubquerySupport LATERAL capability, with rendering remaining in the SQL AST translator family		Phase 5	Twenty-seven overrides and seven consumers were observed, including provider rendering logic; preserve provider USE through the profile and test native and emulated lateral joins.
method:org.hibernate.dialect.Dialect#supportsStandardArrays()	GENERAL_CAPABILITY	APPROVED	INTERNAL		REPLACE	Standard element-type ARRAY support is one dimension of database array behavior and is consumed together with array naming, construction, and parameter policy.	An immutable supported ArraySupport profile supplied by the Dialect		Phase 5	Ten overrides and seven consumers were observed; preserve provider USE through the profile, coordinate it with the approved array type-name and preferred-type hooks, and add a versioned Migration Guide entry.
method:org.hibernate.dialect.Dialect#supportsArrayConstructor()	GENERAL_CAPABILITY	APPROVED	INTERNAL		REPLACE	SQL array constructor syntax is an expression-level dimension of array support used by recursive-CTE emulation.	ArraySupport constructor-syntax capability		Phase 5	Eight overrides and one translator consumer were observed; keep it independently configurable from standard ARRAY type support and test array-and-row emulation.
method:org.hibernate.dialect.Dialect#useArrayForMultiValuedParameters()	GENERAL_CAPABILITY	APPROVED	INTERNAL		REPLACE	A Boolean preference hides the actual multivalued-parameter strategy and derives policy indirectly from array type capabilities.	ArraySupport multivalued-parameter strategy, initially ARRAY or EXPANDED		Phase 5	Two H2-family overrides and one multi-key loading consumer were observed; preserve the current derived default, allow explicit strategy selection, and add a versioned Migration Guide entry.
method:org.hibernate.dialect.Dialect#supportsValuesList()	GENERAL_CAPABILITY	APPROVED	INTERNAL		REPLACE	VALUES used as a query or table expression is one context of a coherent values-list syntax capability.	An immutable supported ValuesListSupport profile with explicit supported contexts		Phase 5	Twenty overrides and three consumers were observed; preserve provider configuration and provider USE through the profile, and test predicate and Boolean-cast emulations.
method:org.hibernate.dialect.Dialect#supportsValuesListForInsert()	GENERAL_CAPABILITY	APPROVED	INTERNAL		REPLACE	Multi-row VALUES in INSERT is related to but independently variable from VALUES used as a query expression.	ValuesListSupport INSERT context		Phase 5	Three overrides and two consumers were observed; keep the contexts independent and test insert-plan selection and SQL rendering.
method:org.hibernate.dialect.Dialect#getLimitHandler()	GENERAL_CAPABILITY	APPROVED	SPI	USE,IMPLEMENT,SUPPLY	RETAIN	Provider Dialects supply pagination behavior for native and already-rendered SQL, and family implementations may reuse a supported standard handler.			Phase 5	Forty-four overrides and three consumers were observed; move LimitHandler and supported family bases to an SPI package, keep built-in leaves internal where appropriate, replace QueryOptions with a focused immutable pagination request, eliminate stateful processing requirements where feasible, and add a versioned Migration Guide entry.
method:org.hibernate.dialect.Dialect#getInExpressionCountLimit()	GENERAL_CAPABILITY	APPROVED	INTERNAL		REPLACE	The maximum IN-list element count is one numeric statement-limit dimension and should be supplied coherently with the total JDBC parameter limit.	An immutable supported ParameterLimits profile supplied by the Dialect		Phase 5	Sixteen overrides and three consumers were observed; preserve provider USE through the profile, normalize nonpositive values as unlimited, and add a versioned Migration Guide entry.
method:org.hibernate.dialect.Dialect#getParameterCountLimit()	GENERAL_CAPABILITY	APPROVED	INTERNAL		REPLACE	The total PreparedStatement parameter limit is related to but independently variable from the per-IN-expression element limit.	ParameterLimits total-statement parameter limit		Phase 5	One override and two consumers were observed; preserve the current default from the IN-expression limit while allowing explicit variation and test batch-size and parameter-expansion behavior.
method:org.hibernate.dialect.Dialect#getNoColumnsInsertString()	GENERAL_CAPABILITY	APPROVED	INTERNAL		REMOVE	The deprecated SQL-fragment hook duplicates the supported SQL AST translator rendering extension and keeps legacy string rendering on Dialect.	A supported SQL AST translator renderInsertIntoNoColumns() hook		Phase 5	Thirteen overrides and two consumers were observed; migrate built-in and community syntax overrides to translator implementations, remove or migrate the unused legacy Insert path, and add a versioned Migration Guide entry.
method:org.hibernate.dialect.Dialect#supportsNoColumnsInsert()	GENERAL_CAPABILITY	APPROVED	INTERNAL		REMOVE	No-column INSERT support and its rendering must have one source of truth; the Boolean is consumed only by the legacy Insert builder and can disagree with the SQL AST translator implementation.	A supported renderInsertIntoNoColumns() implementation which either renders the database syntax or rejects the operation		Phase 5	Three overrides and one legacy consumer were observed; migrate unsupported behavior to the translator hook, including the currently missing Spanner guard, and cover supported and unsupported forms in the compatibility test kit.
method:org.hibernate.dialect.Dialect#supportsFromClauseInUpdate()	GENERAL_CAPABILITY	APPROVED	INTERNAL		REPLACE	UPDATE FROM support selects both SQL AST rendering and CTE conflict-update construction and belongs in a coherent mutation-statement syntax profile.	An immutable supported MutationSyntaxSupport profile with an UPDATE_FROM capability		Phase 5	Nineteen overrides and two consumers were observed; preserve provider USE through the profile and test direct rendering, scalar-subquery emulation, and CTE conflict handling.
method:org.hibernate.dialect.Dialect#supportsJoinsInDelete()	GENERAL_CAPABILITY	APPROVED	INTERNAL		REPLACE	Joined DELETE support selects native rendering versus WHERE-clause join emulation and is the DELETE counterpart of UPDATE FROM support.	MutationSyntaxSupport DELETE_JOIN capability		Phase 5	Eight overrides and one translator consumer were observed; preserve provider variation and test native and emulated delete forms.
field:org.hibernate.dialect.Dialect#TRUE_STRING_VALUES	GENERAL_CAPABILITY	APPROVED	INTERNAL		REMOVE	The mutable protected array is implementation data used only by Dialect's string-to-Boolean pattern builders, not a provider extension contract.	The supported buildStringToBooleanCast() and buildStringToBooleanCastDecode() helpers		Phase 5	No external field reads were observed; preserve the recognized spellings privately, avoid exposing mutable shared state, and add a Migration Guide note if source compatibility warrants it.
field:org.hibernate.dialect.Dialect#FALSE_STRING_VALUES	GENERAL_CAPABILITY	APPROVED	INTERNAL		REMOVE	The mutable protected array is the false-value half of private string-to-Boolean pattern-building data and should not be independently exposed.	The supported buildStringToBooleanCast() and buildStringToBooleanCastDecode() helpers		Phase 5	No external field reads were observed; preserve the recognized spellings privately and remove the mutable protected surface together with TRUE_STRING_VALUES.
field:org.hibernate.dialect.Dialect#LOG_BASE2OF10	GENERAL_CAPABILITY	APPROVED	INTERNAL		REMOVE	The mathematical conversion constant is used only by Dialect's internal SizeStrategy implementation and does not express provider database behavior.	A private precision-conversion constant or helper		Phase 5	The generated inventory reports no consumers because its only use is in the owning class; make it private and keep the separate internal BinaryFloatDdlType constant private.
method:org.hibernate.dialect.Dialect#buildStringToBooleanCast(java.lang.String,java.lang.String)	GENERAL_CAPABILITY	APPROVED	SPI	USE	RETAIN	Provider Dialects reuse this standard string-to-Boolean cast-pattern builder from castPattern() without implementing or supplying a strategy.			Phase 5	One community Dialect and Dialect itself call the helper and no override was observed; retain protected provider access but make the method final so its Java shape matches the USE-only role.
method:org.hibernate.dialect.Dialect#buildStringToBooleanCastDecode(java.lang.String,java.lang.String)	GENERAL_CAPABILITY	APPROVED	SPI	USE	RETAIN	Oracle-like and HSQL-family provider Dialects reuse this DECODE-based standard pattern builder when defining string-to-Boolean cast patterns.			Phase 5	Six maintained or community callers and no override were observed; retain protected provider access, make it final, and test the generated patterns with and without native VALUES-list support.
method:org.hibernate.dialect.Dialect#buildStringToBooleanDecode(java.lang.String,java.lang.String)	GENERAL_CAPABILITY	APPROVED	INTERNAL		REMOVE	The lower-level DECODE fragment builder is called only by buildStringToBooleanCastDecode() and need not be exposed or independently overridden.	buildStringToBooleanCastDecode()		Phase 5	No provider call or override was observed; make it private while preserving the supported higher-level helper and record the narrowing in the Migration Guide if needed.
method:org.hibernate.dialect.Dialect#getCaseInsensitiveLike()	GENERAL_CAPABILITY	APPROVED	INTERNAL		REPLACE	The operator token and the separate native-support Boolean describe one capability and currently permit contradictory configurations.	An immutable supported PredicateSupport profile with an optional native case-insensitive-LIKE operator		Phase 5	Seven overrides and six consumers were observed, including provider translators; preserve provider USE through the profile, treat absence as requiring emulation, and add a versioned Migration Guide entry.
method:org.hibernate.dialect.Dialect#supportsCaseInsensitiveLike()	GENERAL_CAPABILITY	APPROVED	INTERNAL		REPLACE	Native case-insensitive LIKE support is fully represented by the presence of its operator and should not be independently configurable.	PredicateSupport native case-insensitive-LIKE operator presence		Phase 5	Eight overrides and one base-translator consumer were observed; migrate each Boolean/operator pair atomically and test native rendering and lower-case emulation.
method:org.hibernate.dialect.Dialect#supportsDistinctFromPredicate()	GENERAL_CAPABILITY	APPROVED	INTERNAL		REPLACE	Scalar DISTINCT FROM is a core predicate-syntax capability used by translator rendering and as a prerequisite for row-value DISTINCT FROM support.	PredicateSupport scalar DISTINCT_FROM capability		Phase 5	Twenty-one overrides and six production consumers were observed, including provider translators; preserve provider USE and make RowValueSupport consistency depend on this profile capability.
method:org.hibernate.dialect.Dialect#supportsIsTrue()	GENERAL_CAPABILITY	APPROVED	INTERNAL		REPLACE	IS TRUE and IS FALSE form a focused truthness-predicate syntax capability used to select native rendering or Boolean comparison emulation.	PredicateSupport TRUTHNESS capability		Phase 5	Eight overrides and one translator consumer were observed; preserve provider configuration and test true, false, and negated forms through native and emulated rendering.
method:org.hibernate.dialect.Dialect#supportsPredicateAsExpression()	GENERAL_CAPABILITY	APPROVED	INTERNAL		REPLACE	Whether a predicate may occur in a value-expression context is a predicate placement rule used when choosing aggregate Boolean emulation.	PredicateSupport EXPRESSION_PLACEMENT capability		Phase 5	Three community overrides and one function-registration consumer were observed; preserve provider configuration, expose the profile as USE SPI, and test every/any emulation selection.
method:org.hibernate.dialect.Dialect#supportsFilterClause()	GENERAL_CAPABILITY	APPROVED	INTERNAL		REPLACE	Aggregate FILTER-clause support is a function-expression grammar capability used to select native rendering or CASE-based emulation.	An immutable supported FunctionSyntaxSupport profile with an AGGREGATE_FILTER capability		Phase 5	Nine overrides and two runtime consumers were observed; preserve provider configuration, expose provider USE through the profile, and test native and emulated filtered aggregates.
method:org.hibernate.dialect.Dialect#supportsPartitionBy()	GENERAL_CAPABILITY	APPROVED	INTERNAL		REPLACE	Window-function PARTITION BY support is stable function-expression grammar information used by feature checks and required by the Dialect compatibility test kit.	FunctionSyntaxSupport WINDOW_PARTITION capability		Phase 5	Twenty-four overrides were observed; the generated production inventory omits consumers in hibernate-testing, so migrate DialectChecks and DialectFeatureChecks and preserve this capability for provider compatibility testing.
method:org.hibernate.dialect.Dialect#getNullOrdering()	GENERAL_CAPABILITY	APPROVED	INTERNAL		REPLACE	A database's default null ordering is consumed together with its support for explicit NULLS FIRST and NULLS LAST syntax when selecting native rendering or emulation.	An immutable supported NullOrderingSupport profile containing the default NullOrdering and explicit-precedence capability		Phase 5	Eighteen overrides and four consumers were observed; preserve provider USE through the profile, classify NullOrdering as supported USE SPI, and test ascending and descending defaults for every ordering value.
method:org.hibernate.dialect.Dialect#supportsNullPrecedence()	GENERAL_CAPABILITY	APPROVED	INTERNAL		REPLACE	Explicit null-precedence syntax cannot be interpreted correctly without the database's default null ordering and belongs in the same focused profile.	NullOrderingSupport explicit NULLS_FIRST_LAST capability		Phase 5	Seventeen overrides and four production consumers plus a testing feature check were observed; migrate provider translators and tests and cover native and CASE-based emulation.
method:org.hibernate.dialect.Dialect#supportsOrdinalSelectItemReference()	GENERAL_CAPABILITY	APPROVED	SPI	IMPLEMENT,SUPPLY	RETAIN	Provider Dialects must be able to state whether query clauses may reference select items by one-based ordinal, which controls expression rendering in the SQL AST translator.			Phase 5	No in-repository override and one translator consumer were observed; retain this focused scalar hook rather than broadening NullOrderingSupport, and cover unsupported fallback rendering in the compatibility test kit.
method:org.hibernate.dialect.Dialect#getDual()	GENERAL_CAPABILITY	APPROVED	INTERNAL		REPLACE	The Oracle-specific name exposes one rendering of the broader single-row-table facility used by query and mutation translation.	An immutable supported SingleRowTableSupport profile containing the reusable single-row table expression		Phase 5	Twenty-nine overrides and twenty-five consumers were observed, including provider Dialects and translator paths; preserve provider USE through the profile, use semantic naming, and add a versioned Migration Guide entry.
method:org.hibernate.dialect.Dialect#getFromDualForSelectOnly()	GENERAL_CAPABILITY	APPROVED	INTERNAL		REPLACE	The optional FROM fragment for otherwise table-less SELECT statements is the context-specific rendering paired with the reusable single-row table expression.	SingleRowTableSupport optional select-only FROM fragment		Phase 5	Twenty-four overrides and four generated consumers were observed, with additional translator-internal calls through its protected delegate; permit an empty fragment, preserve version-dependent variants, and test fragment-only, table-expression, alias, and restricting-WHERE forms.
method:org.hibernate.dialect.Dialect#supportsCrossJoin()	GENERAL_CAPABILITY	APPROVED	SPI	IMPLEMENT,SUPPLY	RETAIN	Provider Dialects must be able to select ANSI CROSS JOIN rendering or comma-join emulation independently of single-row-table support.			Phase 5	Five overrides and one base-translator consumer were observed; retain the focused scalar capability and test both native CROSS JOIN and emulated comma-join rendering.
method:org.hibernate.dialect.Dialect#appendDatetimeFormat(org.hibernate.sql.ast.spi.SqlAppender,java.lang.String)	GENERAL_CAPABILITY	APPROVED	SPI	USE,IMPLEMENT	RETAIN	Provider Dialects implement database-specific datetime-format conversion consumed by function rendering and SQL AST translation.			Phase 5	Thirty-five overrides and two generated consumers were observed; retain the focused rendering hook, keep SqlAppender supported USE SPI, and cover provider formatting plus unsupported-format behavior in the compatibility test kit.
method:org.hibernate.dialect.Dialect#extractPattern(org.hibernate.query.common.TemporalUnit)	GENERAL_CAPABILITY	APPROVED	SPI	USE,IMPLEMENT	RETAIN	Provider Dialects implement the database's extraction pattern and commonly delegate unchanged temporal units to the inherited standard pattern.			Phase 5	Thirty-two overrides and twenty-two consumers were observed, including provider super-delegation and custom function descriptors; classify TemporalUnit for provider USE and test every supported and rejected field category.
method:org.hibernate.dialect.Dialect#translateExtractField(org.hibernate.query.common.TemporalUnit)	GENERAL_CAPABILITY	APPROVED	SPI	USE,IMPLEMENT	RETAIN	Provider Dialects translate semantic temporal fields to database tokens and commonly delegate standard fields to the inherited implementation.			Phase 5	Twenty-three overrides and twenty-one consumers were observed; retain the focused helper, preserve super-delegation, and keep its TemporalUnit boundary supported.
method:org.hibernate.dialect.Dialect#translateDurationField(org.hibernate.query.common.TemporalUnit)	GENERAL_CAPABILITY	APPROVED	SPI	USE,IMPLEMENT	RETAIN	Provider Dialects translate semantic duration units used by timestamp arithmetic and may delegate standard units to the inherited implementation.			Phase 5	Five overrides and eleven consumers were observed, including provider arithmetic-pattern methods; retain the focused helper and test legal duration units and rejected field-only units.
method:org.hibernate.dialect.Dialect#doesRoundTemporalOnOverflow()	GENERAL_CAPABILITY	APPROVED	SPI	IMPLEMENT,SUPPLY	RETAIN	Provider Dialects supply whether temporal precision adjustment rounds or truncates, which directly affects bound and generated temporal values.			Phase 5	Eleven overrides and one DateTimeUtils consumer were observed; retain the scalar semantic hook and test boundary values at each supported temporal precision.
method:org.hibernate.dialect.Dialect#supportsTemporalLiteralOffset()	GENERAL_CAPABILITY	APPROVED	SPI	USE,IMPLEMENT,SUPPLY	RETAIN	Provider Dialects supply and consume whether UTC offsets may be rendered directly in time and timestamp literals.			Phase 5	Twelve overrides and twenty-four provider-side consumers were observed; retain the focused capability, preserve provider USE, and test offset-preserving and JDBC-time-zone-normalizing literal rendering.
method:org.hibernate.dialect.Dialect#supportsFractionalTimestampArithmetic()	GENERAL_CAPABILITY	APPROVED	INTERNAL		REMOVE	No Hibernate translation, execution, or compatibility-test path consults this historical declaration, so its overrides do not affect behavior.	No replacement; express any required arithmetic variation in timestampaddPattern(), timestampdiffPattern(), or the SQL AST translator		Phase 5	Four HANA and Sybase family overrides and no consumers were observed; remove the dead hook and overrides and document the effective rendering extension points in the Migration Guide.
method:org.hibernate.dialect.Dialect#canCreateCatalog()	DDL_AND_SCHEMA	APPROVED	SPI	IMPLEMENT,SUPPLY	RETAIN	Provider Dialects supply whether Hibernate may create and drop catalog namespaces during schema management.			Phase 5	Three MySQL-family and SingleStore overrides and three schema-management consumers were observed, with additional testing checks; retain the compact Boolean boundary and test namespace-management gating.
method:org.hibernate.dialect.Dialect#getCreateCatalogCommand(java.lang.String)	DDL_AND_SCHEMA	APPROVED	SPI	IMPLEMENT,SUPPLY	RETAIN	Provider Dialects supply the database-specific SQL commands Hibernate executes to create a catalog namespace.			Phase 5	Three overrides and two schema-management consumers were observed; retain the String input and String-array result consistently with schema namespace creation and test multiple-command ordering.
method:org.hibernate.dialect.Dialect#getDropCatalogCommand(java.lang.String)	DDL_AND_SCHEMA	APPROVED	SPI	IMPLEMENT,SUPPLY	RETAIN	Provider Dialects supply the database-specific SQL commands Hibernate executes to drop a catalog namespace.			Phase 5	Three overrides and one schema-management consumer were observed; retain the compact boundary consistently with schema namespace removal and test multiple-command ordering and disabled catalog management.
method:org.hibernate.dialect.Dialect#getTableExporter()	DDL_AND_SCHEMA	APPROVED	SPI	USE,IMPLEMENT,SUPPLY	RETAIN	Provider Dialects supply table creation and removal behavior and may reuse or decorate Hibernate's standard table exporter.			Phase 5	Fourteen overrides and four consumers were observed, including provider access to an inherited exporter; keep Exporter and its model boundary supported and provide supported standard family bases or composition points without exposing built-in leaves wholesale.
method:org.hibernate.dialect.Dialect#getTableMigrator()	DDL_AND_SCHEMA	APPROVED	SPI	IMPLEMENT,SUPPLY	RETAIN	Provider Dialects may supply database-specific table-alter planning when standard column migration is insufficient.			Phase 5	No in-repository override and one schema-migration consumer were observed; retain the deliberately typed schema SPI hook, audit all TableMigrator signature types, and provide a supported standard implementation or composable base.
method:org.hibernate.dialect.Dialect#getTableCleaner()	DDL_AND_SCHEMA	APPROVED	SPI	IMPLEMENT,SUPPLY	RETAIN	Provider Dialects may supply coordinated table truncation and constraint-disable or re-enable behavior for database-specific cleaning requirements.			Phase 5	No in-repository override and three truncation consumers were observed; retain the Incubating Cleaner strategy, audit its model signatures, and provide supported construction or a standard composable implementation.
method:org.hibernate.dialect.Dialect#getIndexExporter()	DDL_AND_SCHEMA	APPROVED	SPI	IMPLEMENT,SUPPLY	RETAIN	Provider Dialects supply nonstandard index creation and removal behavior through the schema Exporter contract.			Phase 5	Two community overrides and two schema-management consumers were observed; retain the strategy supplier and provide a supported standard base or composition point for minor syntax variation.
method:org.hibernate.dialect.Dialect#getForeignKeyExporter()	DDL_AND_SCHEMA	APPROVED	SPI	USE,IMPLEMENT,SUPPLY	RETAIN	Provider Dialects supply foreign-key DDL behavior and may delegate supported database versions to Hibernate's inherited standard exporter.			Phase 5	Two community overrides and six consumers were observed, including provider super-delegation; retain the strategy and provide a supported standard family base or composable renderer.
method:org.hibernate.dialect.Dialect#getTemporaryTableExporter()	DDL_AND_SCHEMA	APPROVED	SPI	IMPLEMENT,SUPPLY	RETAIN	Provider Dialects may supply runtime temporary-table create, drop, and truncate rendering independently of the selected temporary-table lifecycle strategy.			Phase 5	No in-repository override and three runtime consumers were observed; retain the explicit strategy boundary, move it to a temporary-table SPI package, audit TemporaryTable and session signature types, and provide supported standard composition.
method:org.hibernate.dialect.Dialect#getUniqueDelegate()	DDL_AND_SCHEMA	APPROVED	SPI	IMPLEMENT,SUPPLY	RETAIN	Provider Dialects supply the coherent column-level, table-level, and alter-table strategy for unique constraints.			Phase 5	Twenty-one overrides and four consumers were observed; move UniqueDelegate to unique.spi and expose supported standard factories, bases, or composition while keeping concrete built-in leaves internal where appropriate.
method:org.hibernate.dialect.Dialect#getAuxiliaryDatabaseObjectExporter()	DDL_AND_SCHEMA	APPROVED	INTERNAL		REMOVE	AuxiliaryDatabaseObject already supplies its own create and drop SQL, leaving the standard exporter with no database-dependent behavior for a Dialect to customize.	Direct internal use of the standard AuxiliaryDatabaseObject-to-Exporter adapter		Phase 5	No override and four schema-management consumers were observed; remove the redundant Dialect getter while preserving supported custom AuxiliaryDatabaseObject definitions and add a Migration Guide note.
method:org.hibernate.dialect.Dialect#getUniqueKeyExporter()	DDL_AND_SCHEMA	APPROVED	INTERNAL		REMOVE	The standard unique-key exporter is only an adapter which delegates every operation to the independently supplied UniqueDelegate.	getUniqueDelegate(), with an internal standard Exporter adapter		Phase 5	No override and two schema-management consumers were observed; remove the duplicate supplier, route schema management through the standard adapter and supported UniqueDelegate, and add a versioned Migration Guide entry.
method:org.hibernate.dialect.Dialect#getCreateIndexString(boolean)	DDL_AND_SCHEMA	APPROVED	INTERNAL		REPLACE	The CREATE INDEX command prefix is one part of the index-DDL rendering policy shared by the standard index exporter and unique-index delegate.	A supported composable IndexDdlSupport strategy supplied by the Dialect		Phase 5	Seven overrides and two consumers were observed; preserve provider variation through the strategy, provide standard create and create-unique behavior, and add a versioned Migration Guide entry.
method:org.hibernate.dialect.Dialect#getCreateIndexTail(boolean,java.util.List)	DDL_AND_SCHEMA	APPROVED	INTERNAL		REPLACE	The index tail is a context-dependent rendering operation belonging with the create prefix and index-name qualification policy rather than directly on Dialect.	IndexDdlSupport renderCreateTail() using a focused immutable request exposing uniqueness and supported column views		Phase 5	Eight overrides and one unique-index consumer were observed; replace the raw List<Column> signature with a focused supported request, preserve family composition, and test null-distinct and column-dependent variants.
method:org.hibernate.dialect.Dialect#qualifyIndexName()	DDL_AND_SCHEMA	APPROVED	INTERNAL		REPLACE	Index-name qualification is an option of the same shared index-DDL policy used during both creation and removal.	IndexDdlSupport index-name qualification policy		Phase 5	Eighteen overrides and four consumers were observed, including a community exporter; preserve provider USE through the strategy and test qualified and unqualified create and drop commands.
method:org.hibernate.dialect.Dialect#supportsIfExistsAfterAlterTable()	DDL_AND_SCHEMA	APPROVED	INTERNAL		REPLACE	IF EXISTS placement for the target of ALTER TABLE is one context of a coherent DDL existence-check policy.	An immutable supported IfExistsSupport profile with ALTER_TABLE target placement		Phase 5	Eleven overrides and one Dialect command-building consumer were observed; preserve provider configuration and add a versioned Migration Guide entry.
method:org.hibernate.dialect.Dialect#supportsIfExistsBeforeTableName()	DDL_AND_SCHEMA	APPROVED	INTERNAL		REPLACE	The before-table-name Boolean is mutually exclusive with the after-table-name Boolean and should be represented by one placement value.	IfExistsSupport DROP_TABLE placement using ExistenceCheckPlacement.NONE, BEFORE_NAME, or AFTER_NAME		Phase 5	Twenty-three overrides and five consumers were observed, including provider delegation; preserve provider USE and test every placement without contradictory states.
method:org.hibernate.dialect.Dialect#supportsIfExistsAfterTableName()	DDL_AND_SCHEMA	APPROVED	INTERNAL		REPLACE	The after-table-name Boolean is the alternate value of the same dropped-table existence-check placement.	IfExistsSupport DROP_TABLE placement AFTER_NAME		Phase 5	Four overrides and two production consumers were observed; migrate H2 and HSQL family derivation to one explicit placement and reject contradictory configuration structurally.
method:org.hibernate.dialect.Dialect#supportsIfExistsBeforeConstraintName()	DDL_AND_SCHEMA	APPROVED	INTERNAL		REPLACE	The before-constraint-name Boolean is mutually exclusive with the after-constraint-name Boolean and is shared by unique and foreign-key removal.	IfExistsSupport DROP_CONSTRAINT placement using ExistenceCheckPlacement		Phase 5	Thirteen overrides and three consumers were observed, including provider delegation; preserve use by UniqueDelegate and foreign-key exporters and test both constraint kinds.
method:org.hibernate.dialect.Dialect#supportsIfExistsAfterConstraintName()	DDL_AND_SCHEMA	APPROVED	INTERNAL		REPLACE	The after-constraint-name Boolean is the alternate placement for the same DROP CONSTRAINT behavior.	IfExistsSupport DROP_CONSTRAINT placement AFTER_NAME		Phase 5	No override and two consumers were observed; retain the supported possibility without a redundant independently configurable Boolean.
method:org.hibernate.dialect.Dialect#supportsIfExistsBeforeIndexName()	DDL_AND_SCHEMA	APPROVED	INTERNAL		REPLACE	DROP INDEX existence-check placement belongs with table and constraint placement and should allow future after-name syntax without another Dialect method.	IfExistsSupport DROP_INDEX placement using ExistenceCheckPlacement		Phase 5	Seven overrides and one unique-index-delegate consumer were observed; preserve provider configuration and test interaction with qualified index naming.
method:org.hibernate.dialect.Dialect#canDisableConstraints()	DDL_AND_SCHEMA	APPROVED	INTERNAL		REPLACE	A Boolean cannot distinguish global constraint-check suspension from per-constraint disable and enable rendering, and currently permits missing command pairs.	A supported composable ConstraintControlSupport strategy with explicit NONE, GLOBAL, and PER_CONSTRAINT modes		Phase 5	Nine overrides and two schema-truncation consumers were observed; derive availability from the selected mode, preserve provider configuration, and add a versioned Migration Guide entry.
method:org.hibernate.dialect.Dialect#getDisableConstraintsStatement()	DDL_AND_SCHEMA	APPROVED	INTERNAL		REPLACE	The global disable statement is one half of GLOBAL constraint-control mode and is invalid without the corresponding enable statement.	ConstraintControlSupport GLOBAL mode disable command		Phase 5	Four overrides and one standard-cleaner consumer were observed; require a paired enable command and test before-cleaning execution order.
method:org.hibernate.dialect.Dialect#getEnableConstraintsStatement()	DDL_AND_SCHEMA	APPROVED	INTERNAL		REPLACE	The global enable statement is the closing half of GLOBAL constraint-control mode and should be configured atomically with disabling.	ConstraintControlSupport GLOBAL mode enable command		Phase 5	Four overrides and one standard-cleaner consumer were observed; require a paired disable command and test after-cleaning execution even when appropriate failure handling is needed.
method:org.hibernate.dialect.Dialect#getDisableConstraintStatement(java.lang.String,java.lang.String)	DDL_AND_SCHEMA	APPROVED	INTERNAL		REPLACE	Per-constraint disable SQL is a rendering operation of PER_CONSTRAINT mode rather than an independently nullable Dialect method.	ConstraintControlSupport PER_CONSTRAINT renderer with a focused table-and-constraint request		Phase 5	Five overrides and one standard-cleaner consumer were observed; replace positional String arguments with a supported immutable request and test quoted and qualified identifiers.
method:org.hibernate.dialect.Dialect#getEnableConstraintStatement(java.lang.String,java.lang.String)	DDL_AND_SCHEMA	APPROVED	INTERNAL		REPLACE	Per-constraint enable SQL is the paired rendering operation of PER_CONSTRAINT mode and must not be independently absent.	ConstraintControlSupport PER_CONSTRAINT enable renderer		Phase 5	Five overrides and one standard-cleaner consumer were observed; require paired rendering behavior and test disable, truncate, and re-enable ordering.
method:org.hibernate.dialect.Dialect#canBatchTruncate()	DDL_AND_SCHEMA	APPROVED	INTERNAL		REPLACE	Whether truncation accepts multiple table names is a mode of the truncate renderer and currently may disagree with the rendered statement list.	A supported composable TruncateSupport strategy with explicit PER_TABLE and MULTI_TABLE modes		Phase 5	Four overrides and three consumers were observed; derive schema-truncation planning from the strategy mode, preserve provider configuration, and add a versioned Migration Guide entry.
method:org.hibernate.dialect.Dialect#getTruncateTableStatement(java.lang.String)	DDL_AND_SCHEMA	APPROVED	INTERNAL		REPLACE	Single-table truncate rendering is one operation of the coherent truncate strategy composed into the standard Cleaner family.	TruncateSupport rendering from a focused immutable table-name request		Phase 5	Seven overrides and three provider or Dialect consumers were observed, including super-delegation; preserve reusable standard prefix and suffix composition and test qualified names.
method:org.hibernate.dialect.Dialect#getTruncateTableStatements(java.lang.String[])	DDL_AND_SCHEMA	APPROVED	INTERNAL		REPLACE	Statement-list production is orchestration derived from truncate mode and rendering, not an independently overridable Dialect method.	TruncateSupport#renderStatements() returning an immutable ordered statement list		Phase 5	No override and one standard-cleaner consumer were observed; replace the mutable array boundary, validate nonempty requests as appropriate, and test per-table ordering and multi-table joining.
method:org.hibernate.dialect.Dialect#getBeforeDropStatement()	DDL_AND_SCHEMA	APPROVED	INTERNAL		REPLACE	Commands executed before schema-object removal are lifecycle orchestration and should support an ordered command list rather than one nullable Dialect string.	An immutable supported SchemaDropSupport profile containing ordered pre-drop commands		Phase 5	Three PostgreSQL-family overrides and one schema-drop consumer were observed; preserve provider configuration, allow an empty immutable command list, and test execution before auxiliary objects, constraints, and tables.
method:org.hibernate.dialect.Dialect#dropConstraints()	DDL_AND_SCHEMA	APPROVED	INTERNAL		REPLACE	Whether foreign keys and indexes are removed explicitly before tables is schema-drop planning policy consumed across the dropper and exporters.	SchemaDropSupport explicit dependent-object removal policy		Phase 5	Twenty overrides and two consumers were observed; preserve storage-engine and family variation, clarify the foreign-key and index scope, and test explicit-removal and implicit-table-drop paths.
method:org.hibernate.dialect.Dialect#getDropTableString(java.lang.String)	DDL_AND_SCHEMA	APPROVED	INTERNAL		REMOVE	The deprecated complete-statement builder has no remaining caller or override and duplicates the retained table-exporter family plus IfExistsSupport and table-drop rendering composition.	getTableExporter() using supported table-drop composition and IfExistsSupport		Phase 5	No override or consumer was observed; remove directly, preserve equivalent standard exporter behavior, and add a versioned Migration Guide entry.
method:org.hibernate.dialect.Dialect#getCreateTableString()	DDL_AND_SCHEMA	APPROVED	INTERNAL		REPLACE	The leading table-creation command is one part of table-definition rendering and should compose with the retained table exporter instead of remaining an isolated string hook on Dialect.	An immutable supported TableCreationSupport profile selecting the standard-table creation command		Phase 5	Three overrides and five consumers were observed; preserve configuration-dependent HANA and SingleStore commands, migrate the persistent-temporary-table consumer, and test composition with explicit table types and the retained table-type suffix hook.
method:org.hibernate.dialect.Dialect#getCreateMultisetTableString()	DDL_AND_SCHEMA	APPROVED	INTERNAL		REPLACE	Multiset creation is a semantic variant of the table-creation command, including an explicit fallback to the standard command, rather than an independent Dialect concern.	TableCreationSupport command selection for STANDARD and MULTISET table semantics		Phase 5	One Teradata override and one exporter consumer were observed; preserve the standard-command fallback and test primary-key-based selection without exposing exporter internals.
method:org.hibernate.dialect.Dialect#getCascadeConstraintsString()	DDL_AND_SCHEMA	APPROVED	INTERNAL		REPLACE	The cascade clause is table-drop rendering policy and belongs with the already-approved schema-drop composition rather than as a free-standing Dialect string hook.	SchemaDropSupport optional table-drop cascade clause		Phase 5	Eighteen overrides and three consumers were observed; preserve the leading-space-independent rendering semantics, migrate the standard exporter, and test dialect-family variation with and without explicit dependent-object removal.
method:org.hibernate.dialect.Dialect#getAlterTableString(java.lang.String)	DDL_AND_SCHEMA	APPROVED	INTERNAL		REPLACE	The complete ALTER TABLE prefix is shared rendering composition derived from the formatted table name and the already-approved existence-clause placement rather than an independently overridden Dialect method.	AlterTableSupport rendering from a focused table-name request composed with IfExistsSupport		Phase 5	No override and six schema-management consumers were observed, including provider unique-key composition; expose supported composition without retaining a redundant Dialect string method and test qualified names with and without IF EXISTS.
method:org.hibernate.dialect.Dialect#getAddColumnString()	DDL_AND_SCHEMA	APPROVED	INTERNAL		REPLACE	The add-column prefix is one half of the database-specific column-addition grammar and should be represented together with its paired suffix in the table-alter family.	An immutable supported AlterTableSupport column-addition composition containing prefix and suffix		Phase 5	Twelve overrides and two consumers were observed, including version-selected Teradata behavior; preserve configuration and family variation and test ADD COLUMN, ADD, and parenthesized forms.
method:org.hibernate.dialect.Dialect#getAddColumnSuffixString()	DDL_AND_SCHEMA	APPROVED	INTERNAL		REPLACE	The suffix has meaning only in combination with the add-column prefix and full rendered column declaration, so an independent override permits invalid pairings.	AlterTableSupport paired column-addition suffix		Phase 5	Three overrides and one table-migrator consumer were observed; preserve HANA and Altibase paired parentheses and test the empty standard suffix.
method:org.hibernate.dialect.Dialect#hasAlterTable()	DDL_AND_SCHEMA	APPROVED	INTERNAL		REPLACE	Despite its name, this Boolean is consumed only as the availability gate for adding and dropping foreign-key constraints after table creation; it does not describe general ALTER TABLE support.	ForeignKeySupport explicit alter-table constraint availability		Phase 5	Two community overrides and three schema-management consumers were observed; preserve the disabled IRIS and SQLite paths, remove the misleading general capability name, and test suppression of foreign-key export and migration.
method:org.hibernate.dialect.Dialect#getAddForeignKeyConstraintString(java.lang.String,java.lang.String[],java.lang.String,java.lang.String[],boolean)	DDL_AND_SCHEMA	APPROVED	INTERNAL		REPLACE	The parallel arrays and Boolean encode a structured foreign-key definition through an error-prone positional contract and expose rendering as a fragment detached from its feature family.	ForeignKeySupport rendering from an immutable structured ForeignKeyConstraintRequest		Phase 5	Ten overrides and three consumers were observed; the request carries the rendered constraint name, source columns, referenced table, target semantics, and target columns without parallel-array ambiguity, and tests preserve super-delegation and non-primary-key references.
method:org.hibernate.dialect.Dialect#getAddForeignKeyConstraintString(java.lang.String,java.lang.String)	DDL_AND_SCHEMA	APPROVED	INTERNAL		REPLACE	A mapping-supplied foreign-key definition is an alternate input form for the same add-constraint operation, not a separate Dialect override contract.	ForeignKeyConstraintRequest optional explicit definition rendered by ForeignKeySupport		Phase 5	Three community overrides and one exporter consumer were observed; use one request with mutually exclusive structured and explicit-definition forms, validate the shape, and test all existing custom-definition renderings.
method:org.hibernate.dialect.Dialect#getDropForeignKeyString()	DDL_AND_SCHEMA	APPROVED	INTERNAL		REPLACE	The drop-constraint fragment is foreign-key DDL composition and should be rendered with its constraint name and existence-clause placement rather than exposed as a context-free string.	ForeignKeySupport drop rendering from a focused constraint request composed with AlterTableSupport and IfExistsSupport		Phase 5	Five overrides and one exporter consumer were observed; preserve DROP CONSTRAINT and DROP FOREIGN KEY variants and test placement before and after the constraint name.
method:org.hibernate.dialect.Dialect#supportsCascadeDelete()	DDL_AND_SCHEMA	APPROVED	INTERNAL		REPLACE	A single Boolean currently controls both schema rendering of every ON DELETE action and runtime reliance on database-side cascading, obscuring which action is supported.	ForeignKeySupport explicit support query for each OnDeleteAction		Phase 5	Nine overrides and six schema or runtime consumers were observed; preserve existing all-or-none behavior as stock profiles while allowing action-specific capability, and test exporter rendering plus entity and collection cascade planning.
method:org.hibernate.dialect.Dialect#hasSelfReferentialForeignKeyBug()	DDL_AND_SCHEMA	APPROVED	INTERNAL		REPLACE	This runtime delete semantic belongs with foreign-key support and should state the required behavior rather than expose a historically named bug flag on Dialect.	ForeignKeySupport explicit self-referential delete behavior		Phase 5	Four overrides and one runtime nullifier consumer were observed; preserve storage-engine-dependent MySQL behavior and test delete-time nullification for normal and affected databases.
method:org.hibernate.dialect.Dialect#supportsCircularCascadeDeleteConstraints()	DDL_AND_SCHEMA	APPROVED	INTERNAL		REMOVE	The capability is never consumed, so retaining or relocating it would create an unsupported compatibility promise without affecting Hibernate behavior.			Phase 5	Six overrides and no consumers were observed; remove the overrides and method directly and add a versioned Migration Guide entry.
method:org.hibernate.dialect.Dialect#supportsUniqueConstraints()	DDL_AND_SCHEMA	APPROVED	INTERNAL		REPLACE	Whether a logical unique key is represented as a constraint or unique index is selection policy already owned by the supplied UniqueDelegate family, not an independent Dialect Boolean.	A supported UniqueDelegate representation policy selecting a unique constraint or unique index for a focused request		Phase 5	Two overrides and two metadata or delegate consumers were observed; preserve Spanner index selection and nullable-column fallback, and ensure metadata binding and DDL rendering consult the same policy.
method:org.hibernate.dialect.Dialect#supportsNullsNotDistinctUniqueConstraints()	DDL_AND_SCHEMA	APPROVED	INTERNAL		REPLACE	NULLS NOT DISTINCT is a capability of unique-constraint rendering and should be declared by the strategy which renders the constraint.	UniqueDelegate family capability for NULLS NOT DISTINCT constraint semantics		Phase 5	Three overrides and one delegate consumer were observed; preserve H2 and PostgreSQL support and test requested syntax for supporting and non-supporting delegates.
method:org.hibernate.dialect.Dialect#getDropUniqueKeyString()	DDL_AND_SCHEMA	APPROVED	INTERNAL		REPLACE	The context-free drop fragment leaks one implementation detail of the unique-key strategy while the supplied UniqueDelegate already owns the complete add and drop operation.	Supported UniqueDelegate request-based unique-key drop rendering composed with AlterTableSupport and IfExistsSupport		Phase 5	Four overrides and one delegate consumer were observed; preserve DROP CONSTRAINT and DROP INDEX variants through supported delegate family bases or composition and test qualified names and existence-clause placement.
method:org.hibernate.dialect.Dialect#addPartitionKeyToPrimaryKey()	DDL_AND_SCHEMA	APPROVED	SPI	USE,IMPLEMENT	RETAIN	Whether partition-key columns must participate in primary keys is a focused database semantic consumed while building ordinary and temporal-table primary keys and is naturally implemented by provider Dialects.			Phase 5	Five built-in overrides and two metadata consumers were observed; retain the focused hook instead of introducing a one-property support profile, preserve its incubating status as appropriate, and test ordinary and temporal history-table primary keys.
method:org.hibernate.dialect.Dialect#getAddPrimaryKeyConstraintString(java.lang.String)	DDL_AND_SCHEMA	APPROVED	INTERNAL		REMOVE	Hibernate never adds a primary key with ALTER TABLE, so the rendering hook and its provider overrides do not participate in any supported behavior.			Phase 5	Five overrides and no consumers were observed; remove the method and overrides directly and add a versioned Migration Guide entry.
method:org.hibernate.dialect.Dialect#supportsColumnCheck()	DDL_AND_SCHEMA	APPROVED	INTERNAL		REPLACE	A Boolean for all column checks cannot express the distinct anonymous and named placement rules and must be interpreted together with two other capability methods.	CheckConstraintSupport explicit supported placements including ANONYMOUS_COLUMN and NAMED_COLUMN		Phase 5	Twelve overrides and four metadata or exporter consumers were observed; migrate placement as one profile, validate that named-column support implies column support, and test inline rendering and table-level hoisting.
method:org.hibernate.dialect.Dialect#supportsNamedColumnCheck()	DDL_AND_SCHEMA	APPROVED	INTERNAL		REPLACE	Named-column support is a subtype of check-constraint placement and its default delegation to column support permits capability combinations which consumers must reconstruct procedurally.	CheckConstraintSupport NAMED_COLUMN placement capability		Phase 5	Three overrides and two DDL consumers were observed; preserve Informix and MariaDB behavior and test selection of the first named column constraint versus table-level rendering.
method:org.hibernate.dialect.Dialect#supportsTableCheck()	DDL_AND_SCHEMA	APPROVED	INTERNAL		REPLACE	Table-level support is the third coupled placement decision and should be selected from the same immutable constraint profile.	CheckConstraintSupport TABLE placement capability		Phase 5	Four community overrides and four metadata or exporter consumers were observed; preserve unsupported databases and temporal-table behavior and test column-check hoisting only when table placement is available.
method:org.hibernate.dialect.Dialect#getCheckConstraintString(org.hibernate.mapping.CheckConstraint)	DDL_AND_SCHEMA	APPROVED	INTERNAL		REPLACE	Rendering currently accepts a mutable mapping object and delegates part of the grammar to a second string-rewriting hook, coupling supported provider behavior to mapping internals and call order.	CheckConstraintSupport rendering from an immutable CheckConstraintRenderRequest containing placement, optional name, expression, and options		Phase 5	Three overrides and one mapping consumer were observed; preserve standard, Informix, and SQL Server grammar while removing CheckConstraint#constraintString(Dialect) coupling and test anonymous, named, column, and table forms.
method:org.hibernate.dialect.Dialect#appendCheckConstraintOptions(org.hibernate.mapping.CheckConstraint,java.lang.String)	DDL_AND_SCHEMA	APPROVED	INTERNAL		REPLACE	Appending options to already-rendered SQL cannot represent dialects which place options before the expression and exposes an internal two-stage rendering protocol.	Single CheckConstraintSupport render operation over CheckConstraintRenderRequest		Phase 5	Six overrides and four renderer consumers were observed; preserve before-expression and trailing option placement through one strategy and test empty and nonempty options without exposing partially rendered SQL.
method:org.hibernate.dialect.Dialect#getNullColumnString()	DDL_AND_SCHEMA	APPROVED	INTERNAL		REPLACE	The no-argument nullable-column fragment exists only as a fallback for the type-aware overload, requiring providers to choose between two overlapping override points.	ColumnDefinitionSupport nullable-column rendering from a type-aware immutable request		Phase 5	Six overrides and one delegating consumer were observed; migrate generic fragments as the default type-independent strategy and test empty, NULL, and database-specific nullable clauses.
method:org.hibernate.dialect.Dialect#getNullColumnString(java.lang.String)	DDL_AND_SCHEMA	APPROVED	INTERNAL		REPLACE	Nullable syntax can depend on the SQL type, but the raw string overload is one part of the larger column-definition grammar and duplicates the no-argument fallback contract.	ColumnDefinitionSupport single nullable-column renderer receiving the rendered SQL type		Phase 5	Three overrides and five consumers were observed; preserve MySQL and SingleStore TIMESTAMP behavior, migrate temporary-table rendering, and test type-sensitive fallback without super-method coupling.
method:org.hibernate.dialect.Dialect#getColumnDefaultString(java.lang.String)	DDL_AND_SCHEMA	APPROVED	INTERNAL		REPLACE	Default-expression normalization is column-definition rendering behavior and must compose with nullability and generated-column clause ordering.	ColumnDefinitionSupport default-expression renderer		Phase 5	One Spanner override and one DDL consumer were observed; preserve conditional parenthesization and test already-parenthesized and unparenthesized expressions.
method:org.hibernate.dialect.Dialect#generatedAs(java.lang.String)	DDL_AND_SCHEMA	APPROVED	INTERNAL		REPLACE	Generated-column clause rendering is coupled to type presence and nullability placement and should not remain a free-standing Dialect string hook.	ColumnDefinitionSupport generated-expression renderer composed with generated-column ordering policy		Phase 5	Fifteen overrides and four consumers were observed; preserve standard, stored, virtual, computed, and version-dependent forms and test provider delegation through supported family composition.
method:org.hibernate.dialect.Dialect#requiresNotNullBeforeDefault()	DDL_AND_SCHEMA	APPROVED	INTERNAL		REPLACE	A Boolean ordering exception is meaningful only while composing default, generated, and nullability fragments and permits consumers to reconstruct an incomplete grammar.	ColumnDefinitionSupport explicit clause-order policy for nullability, default, and generated clauses		Phase 5	One Spanner override and one DDL consumer were observed; preserve NOT NULL before DEFAULT and test standard and Spanner orderings as complete column definitions.
method:org.hibernate.dialect.Dialect#supportsNotNullAfterGeneratedAs()	DDL_AND_SCHEMA	APPROVED	INTERNAL		REPLACE	Whether nullability may follow a generated clause is another generated-column ordering rule and should be represented alongside type presence and clause order.	ColumnDefinitionSupport generated-column nullability policy		Phase 5	Four overrides and one DDL consumer were observed; preserve DB2, MariaDB, PostgreSQL, and Spanner omission behavior and test nullable and non-null generated columns.
method:org.hibernate.dialect.Dialect#supportsTemporaryTables()	DDL_AND_SCHEMA	APPROVED	INTERNAL		REMOVE	A single Boolean cannot represent independent local, global, and persistent temporary-table strategies and is already superseded by strategy presence.	Non-null getLocalTemporaryTableStrategy(), getGlobalTemporaryTableStrategy(), or getPersistentTemporaryTableStrategy() results		Phase 5	Deprecated for removal since 7.1 with two community overrides and no consumers; remove directly, migrate capability assertions to strategy presence, and add a versioned Migration Guide entry.
method:org.hibernate.dialect.Dialect#supportsTemporaryTablePrimaryKey()	DDL_AND_SCHEMA	APPROVED	INTERNAL		REMOVE	Primary-key support varies by temporary-table kind and is already a capability of the selected TemporaryTableStrategy.	TemporaryTableStrategy#supportsTemporaryTablePrimaryKey()		Phase 5	Deprecated for removal since 7.1 with three community overrides and one legacy-strategy consumer; migrate the overrides into the corresponding strategies and add a versioned Migration Guide entry.
method:org.hibernate.dialect.Dialect#getTemporaryTableCreateCommand()	DDL_AND_SCHEMA	APPROVED	INTERNAL		REMOVE	The create command is strategy-specific and the Dialect method exists only for the deprecated legacy adapter.	TemporaryTableStrategy#getTemporaryTableCreateCommand()		Phase 5	Deprecated for removal since 7.1 with thirteen overrides and two legacy consumers; migrate all provider behavior to local, global, or persistent strategies and test each selected kind.
method:org.hibernate.dialect.Dialect#getTemporaryTableCreateOptions()	DDL_AND_SCHEMA	APPROVED	INTERNAL		REMOVE	Create options depend on the selected temporary-table kind and are already supplied by TemporaryTableStrategy.	TemporaryTableStrategy#getTemporaryTableCreateOptions()		Phase 5	Deprecated for removal since 7.1 with thirteen overrides and two legacy consumers; preserve nullable no-options semantics, migrate family strategies, and add a versioned Migration Guide entry.
method:org.hibernate.dialect.Dialect#getTemporaryTableDropCommand()	DDL_AND_SCHEMA	APPROVED	INTERNAL		REMOVE	The drop command belongs to the selected lifecycle strategy and the Dialect hook only supports the obsolete legacy path.	TemporaryTableStrategy#getTemporaryTableDropCommand()		Phase 5	Deprecated for removal since 7.1 with four overrides and two legacy consumers; preserve DROP TABLE and database-specific variants through strategy tests and Migration Guide guidance.
method:org.hibernate.dialect.Dialect#getTemporaryTableTruncateCommand()	DDL_AND_SCHEMA	APPROVED	INTERNAL		REMOVE	Cleanup rendering varies by temporary-table strategy and already has a strategy-owned contract.	TemporaryTableStrategy#getTemporaryTableTruncateCommand()		Phase 5	Deprecated for removal since 7.1 with two HANA overrides and two legacy consumers; preserve DELETE FROM and TRUNCATE variants through the HANA global strategy and add migration guidance.
method:org.hibernate.dialect.Dialect#getCreateTemporaryTableColumnAnnotation(int)	DDL_AND_SCHEMA	APPROVED	INTERNAL		REMOVE	Per-column temporary-table annotations depend on the selected strategy and are already rendered through its type-aware method.	TemporaryTableStrategy#getCreateTemporaryTableColumnAnnotation(int)		Phase 5	Deprecated for removal since 7.1 with two SQL Server overrides and one legacy consumer; migrate COLLATE DATABASE_DEFAULT behavior and test relevant SQL type codes.
method:org.hibernate.dialect.Dialect#getTemporaryTableAfterUseAction()	DDL_AND_SCHEMA	APPROVED	INTERNAL		REMOVE	After-use lifecycle is strategy-specific and the Dialect method cannot describe different actions for multiple supported table kinds.	TemporaryTableStrategy#getTemporaryTableAfterUseAction()		Phase 5	Deprecated for removal since 7.1 with nine overrides and one legacy consumer; migrate CLEAN, DROP, and NONE behavior to the corresponding strategies and add a versioned Migration Guide entry.
method:org.hibernate.dialect.Dialect#getTemporaryTableBeforeUseAction()	DDL_AND_SCHEMA	APPROVED	INTERNAL		REMOVE	Before-use lifecycle is strategy-specific and already participates directly in temporary-table execution through TemporaryTableStrategy.	TemporaryTableStrategy#getTemporaryTableBeforeUseAction()		Phase 5	Deprecated for removal since 7.1 with twelve overrides and one legacy consumer; migrate CLEAN and NONE behavior, remove LegacyTemporaryTableStrategy, and test execution lifecycle ordering.
method:org.hibernate.dialect.Dialect#supportsCommentOn()	DDL_AND_SCHEMA	APPROVED	INTERNAL		REPLACE	A global Boolean for standalone COMMENT ON syntax must be combined with empty-string probes of two inline-rendering hooks to determine the actual comment path.	A supported CommentSupport strategy selecting NONE, INLINE, or STATEMENT placement per schema-object target		Phase 5	Twenty-two overrides and two exporter consumers were observed; represent table, column, and user-defined-type targets explicitly and test standalone, inline, and unsupported paths without sentinel-string probing.
method:org.hibernate.dialect.Dialect#getTableComment(java.lang.String)	DDL_AND_SCHEMA	APPROVED	INTERNAL		REPLACE	An empty inline fragment currently doubles as a signal to generate a standalone statement, coupling rendering and capability through string inspection.	CommentSupport rendering from an immutable table CommentRequest according to explicit placement		Phase 5	Five overrides and two table-exporter consumers were observed; preserve HANA, MySQL, and SingleStore inline syntax and test coexistence with table type/options suffixes.
method:org.hibernate.dialect.Dialect#getColumnComment(java.lang.String)	DDL_AND_SCHEMA	APPROVED	INTERNAL		REPLACE	Column-comment placement and rendering are part of the same target-aware comment feature and should not be exposed as a second sentinel-returning Dialect method.	CommentSupport rendering from an immutable column CommentRequest according to explicit placement		Phase 5	Five overrides and two DDL consumers were observed; preserve inline column comments and qualified standalone COMMENT ON COLUMN commands and test escaping and absent comments.
method:org.hibernate.dialect.Dialect#supportsTableOptions()	DDL_AND_SCHEMA	APPROVED	INTERNAL		REMOVE	The deprecated capability has no override or consumer and therefore describes no Hibernate or provider behavior.			Phase 5	Deprecated for removal since 7.1 with no observed usage; remove directly and add a versioned Migration Guide entry.
method:org.hibernate.dialect.Dialect#determineDatabaseVersion(org.hibernate.engine.jdbc.dialect.spi.DialectResolutionInfo)	CONSTRUCTION	APPROVED	SPI	USE,IMPLEMENT	RETAIN	Provider Dialects must sometimes normalize or refine JDBC metadata before the version is captured, existing implementations legitimately delegate to the standard resolution behavior, and integration providers may invoke the selected Dialect's version-resolution behavior outside subclass context.			Phase 2	Nine overrides, two constructor or super-delegation consumers, and an integration-provider use case were observed; retain public visibility for provider USE, document invocation during superclass construction for IMPLEMENT, require a supported DialectResolutionInfo signature, and test defaulting and vendor-specific parsing. Public SPI visibility does not make the method application API.
method:org.hibernate.dialect.Dialect#getVersion()	CONSTRUCTION	APPROVED	SPI	USE	RETAIN	The immutable version selected during construction is heavily consumed by provider Dialects, translators, and Hibernate feature selection, but overriding the accessor can contradict the captured constructor state.		dialect-spi-construction	Phase 2	Two overrides and 415 consumers were observed; make the accessor final, migrate MimerSQL and RDMS OS 2200 to establish their effective version during construction, and retain DatabaseVersion as supported USE SPI.
method:org.hibernate.dialect.Dialect#checkVersion()	CONSTRUCTION	COMPLETED	INTERNAL		REMOVE	Minimum-version validation is fixed constructor orchestration with no override and should not expose a protected lifecycle hook invoked before subclass construction completes.	Private constructor validation using the captured version and getMinimumSupportedVersion()	dialect-spi-construction	Phase 2	No override and two constructor consumers were observed; the overridable method boundary was removed, warning behavior was preserved, and explicit versions below and at the minimum remain tested.
method:org.hibernate.dialect.Dialect#toString()	CONSTRUCTION	APPROVED	SPI	USE	RETAIN	The diagnostic representation of a Dialect and its captured version is useful supported behavior, but provider-specific overriding would weaken predictable diagnostics without an observed extension need.		dialect-spi-construction	Phase 2	No override or indexed consumer was observed; retain the class-and-version representation and make the method final so it is not part of the IMPLEMENT surface.
method:org.hibernate.dialect.Dialect#useCrossReferenceForeignKeys()	DDL_AND_SCHEMA	APPROVED	INTERNAL		REPLACE	Whether JDBC cross-reference metadata supplements imported keys is extraction strategy configuration and should not require the standard extractor to call back into Dialect.	A supported InformationExtractor foreign-key metadata policy selecting IMPORTED_KEYS_ONLY or IMPORTED_KEYS_AND_CROSS_REFERENCE		Phase 5	One Informix override and one standard-extractor consumer were observed; migrate the behavior into supported JDBC metadata extractor composition and test merging without duplicate foreign keys.
method:org.hibernate.dialect.Dialect#getCrossReferenceParentTableFilter()	DDL_AND_SCHEMA	APPROVED	INTERNAL		REPLACE	The optional parent-table filter is meaningful only for cross-reference retrieval and can form an invalid combination when exposed independently from its enabling Boolean.	The optional parent-table filter in the InformationExtractor cross-reference policy		Phase 5	One Informix override and one extractor consumer were observed; require the filter only for the cross-reference mode, preserve null and wildcard semantics, and test the exact DatabaseMetaData#getCrossReference arguments.
method:org.hibernate.dialect.Dialect#rowId(java.lang.String)	TYPE_AND_FUNCTION	APPROVED	INTERNAL		REPLACE	A nullable string simultaneously signals row-id availability, chooses a default pseudo-column, and resolves an optional mapping-supplied name, while its type and DDL declaration live in separate hooks.	A supported RowIdSupport profile resolving a locator expression from an immutable optional-name request		Phase 5	Twelve overrides and nine consumers were observed; provide an explicit unsupported profile instead of null capability probing and test fixed pseudo-columns, supplied names, defaults, and deliberately disabled inherited support.
method:org.hibernate.dialect.Dialect#getRowIdColumnString(java.lang.String)	DDL_AND_SCHEMA	APPROVED	INTERNAL		REPLACE	The optional physical declaration is meaningful only for a supported row-id locator and currently calls back into the independent expression hook.	RowIdSupport optional physical column declaration composed from the same locator request		Phase 5	Three DB2-family overrides and one table-exporter consumer were observed; preserve implicit pseudo-columns and explicit generated ROWID declarations and test consistency with the resolved expression and locator type.
method:org.hibernate.dialect.Dialect#isEmptyStringTreatedAsNull()	TYPE_AND_FUNCTION	APPROVED	INTERNAL		REPLACE	Empty-string/null equivalence is database value semantics used by cast emulation and is clearer as an explicit semantic choice than a negatively contextual Boolean hook.	A supported StringValueSemantics profile with DISTINCT and AS_NULL empty-string semantics		Phase 5	Five overrides and one cast-function consumer were observed; preserve Oracle, Postgres Plus, and TimesTen behavior and test array-to-string casting for both semantic modes.
method:org.hibernate.dialect.Dialect#stripsTrailingSpacesFromChar()	TYPE_AND_FUNCTION	APPROVED	INTERNAL		REPLACE	Fixed-length CHAR trailing-space behavior is another database string-value semantic and should be represented alongside empty-string treatment.	StringValueSemantics with PRESERVED and STRIPPED fixed-length trailing-space semantics		Phase 5	Three overrides and one CharacterJavaType consumer were observed; preserve MySQL and Sybase wrapping behavior and test single-character values containing only spaces.
method:org.hibernate.dialect.Dialect#requiresCastForConcatenatingNonStrings()	TYPE_AND_FUNCTION	APPROVED	INTERNAL		REPLACE	Whether concatenation accepts non-string arguments is function grammar and coercion policy already in the scope of FunctionSyntaxSupport.	FunctionSyntaxSupport concatenation-argument coercion policy		Phase 5	Five overrides and one SQL AST translator consumer were observed; preserve DB2, Derby, and Transact-SQL casts and test equality-preserving row-component concatenation.
method:org.hibernate.dialect.Dialect#requiresFloatCastingOfIntegerDivision()	TYPE_AND_FUNCTION	APPROVED	INTERNAL		REPLACE	The required cast around integer division is a focused function-expression coercion rule, not a general standalone Dialect capability.	FunctionSyntaxSupport integer-division result coercion policy		Phase 5	Three overrides and one extract-function consumer were observed; preserve HSQL and IRIS week extraction and test casted versus direct integer division rendering.
method:org.hibernate.dialect.Dialect#supportsTruncateWithCast()	TYPE_AND_FUNCTION	APPROVED	INTERNAL		REMOVE	No Hibernate code consults this cast-truncation capability, so its three overrides do not select any observable behavior.			Phase 5	Three overrides and no consumers were observed; remove the method and overrides directly and add a versioned Migration Guide entry.
method:org.hibernate.dialect.Dialect#getColumnAliasExtractor()	JDBC_DRIVER	APPROVED	SPI	USE,IMPLEMENT,SUPPLY	RETAIN	Provider Dialects may need to select column-label or column-name extraction to account for JDBC driver behavior, and the existing focused strategy is an appropriate supported extension contract.			Phase 5	No in-repository override and one runtime consumer were observed; retain ColumnAliasExtractor and its standard label and name strategies as supported SPI and cover both choices in the compatibility test kit.
method:org.hibernate.dialect.Dialect#getDefaultOrdinalityColumnName()	TYPE_AND_FUNCTION	APPROVED	INTERNAL		REPLACE	The optional default ordinality-column name is set-returning-function syntax capability and should be represented with the rest of the function grammar instead of as a nullable standalone Dialect hook.	FunctionSyntaxSupport explicit optional default ordinality-column name		Phase 5	Nine overrides and two consumers were observed; preserve the family-specific names and explicit unsupported state and test both type resolution and SQL rendering.
method:org.hibernate.dialect.Dialect#getRowLevelSecurity()	SUPPLIED_STRATEGY	APPROVED	SPI	USE,IMPLEMENT,SUPPLY	RETAIN	A provider Dialect supplies a coherent row-level-security strategy used during boot and runtime, making the existing strategy boundary a natural supported extension contract.			Phase 5	Five overrides and two consumers were observed; classify RowLevelSecurity, its tenant-identifier source, and stock unsupported behavior consistently as SPI and test provider selection and runtime use.
method:org.hibernate.dialect.Dialect#getSelectGUIDString()	GENERAL_CAPABILITY	APPROVED	INTERNAL		REMOVE	The hook exists only to support the deprecated legacy GUIDGenerator and should not remain in the Dialect extension surface after that generator is removed.	UuidGenerator		Phase 5	Thirteen overrides and two calls, including one superclass delegation, were observed; remove the legacy generator, method, and overrides and add a versioned Migration Guide entry directing users to UuidGenerator.
method:org.hibernate.dialect.Dialect#getTimeoutInSeconds(int)	GENERAL_CAPABILITY	APPROVED	INTERNAL		REMOVE	The deprecated protected method is an unoverridden wrapper around the supported timeout conversion utility and provides no Dialect-specific behavior.	Timeouts#getTimeoutInSeconds(int)		Phase 5	No override and four provider-internal consumers were observed; migrate those consumers to Timeouts and add a versioned Migration Guide entry for removal of the protected hook.
method:org.hibernate.dialect.Dialect#requiresColumnListInCreateView()	DDL_AND_SCHEMA	APPROVED	SPI	USE,IMPLEMENT	RETAIN	Whether CREATE VIEW requires an explicit column list is a genuine focused grammar variation, while introducing a one-property strategy profile would add indirection without improving composition.			Phase 5	One Informix override and one table-exporter consumer were observed; retain the Boolean hook as supported SPI and test both explicit-column-list and standard rendering.
